Column1,file_name,dz,huden,nzy,mean
0,00000.jpeg,60,70,55,62
1,00001.jpeg,40,31,33,35
2,00002.jpeg,42,35,34,37
3,00003.jpeg,45,48,34,43
4,00004.jpeg,35,31,15,27
5,00005.jpeg,50,50,43,48
6,00006.jpeg,1,1,2,2
7,00007.jpeg,75,63,71,70
8,00016.jpeg,75,66,78,73
9,00026.jpeg,69,50,50,57
10,00046.jpeg,71,62,57,64
11,00047.jpeg,69,45,57,57
12,00048.jpeg,85,79,88,84
13,00049.jpeg,85,81,92,86
14,00056.jpeg,82,75,84,81
15,00057.jpeg,89,75,85,83
16,00058.jpeg,60,37,56,51
17,00059.jpeg,80,75,71,76
18,00060.jpeg,80,79,66,75
19,00073.jpeg,81,61,59,67
20,00074.jpeg,79,74,57,70
21,00077.jpeg,69,51,71,64
22,00082.jpeg,75,60,59,65
23,00084.jpeg,80,73,71,75
24,00085.jpeg,78,68,69,72
25,00086.jpeg,80,75,64,73
26,00087.jpeg,75,75,61,71
27,00089.jpeg,90,90,90,90
28,00090.jpeg,77,84,70,77
29,00096.jpeg,67,56,50,58
30,00097.jpeg,48,42,30,40
31,00098.jpeg,90,70,92,84
32,00099.jpeg,88,70,85,81
33,00100.jpeg,79,70,78,76
34,00101.jpeg,83,70,85,80
35,00102.jpeg,76,62,78,72
36,00103.jpeg,65,55,60,60
37,00104.jpeg,95,82,90,89
38,00105.jpeg,70,62,70,68
39,00106.jpeg,74,58,58,64
40,00107.jpeg,70,73,62,69
41,00110.jpeg,78,71,53,68
42,00111.jpeg,72,65,53,64
43,00112.jpeg,31,53,30,38
44,00113.jpeg,25,48,32,35
45,00114.jpeg,21,49,32,34
46,00115.jpeg,60,46,55,54
47,00116.jpeg,56,44,55,52
48,00117.jpeg,54,44,62,54
49,00118.jpeg,40,60,61,54
50,00119.jpeg,40,60,61,54
51,00120.jpeg,40,48,50,46
52,00121.jpeg,51,61,44,52
53,00122.jpeg,41,27,43,37
54,00127.jpeg,45,45,43,45
55,00131.jpeg,54,53,44,51
56,00132.jpeg,40,53,44,46
57,00133.jpeg,70,62,50,61
58,00134.jpeg,74,53,52,60
59,00135.jpeg,74,62,62,66
60,00139.jpeg,95,70,90,85
61,00140.jpeg,90,72,85,83
62,00147.jpeg,87,78,70,79
63,00148.jpeg,89,79,70,80
64,00155.jpeg,78,76,53,69
65,00156.jpeg,90,78,77,82
66,00157.jpeg,89,86,78,85
67,00158.jpeg,76,79,65,74
68,00165.jpeg,88,78,78,82
69,00166.jpeg,88,72,78,80
70,00167.jpeg,83,73,78,78
71,00168.jpeg,78,79,78,79
72,00169.jpeg,73,68,71,71
73,00200.jpeg,70,58,64,64
74,00201.jpeg,71,57,52,60
75,00202.jpeg,75,55,60,64
76,00203.jpeg,30,24,34,30
77,00204.jpeg,65,50,71,62
78,00205.jpeg,66,62,71,67
79,00206.jpeg,34,36,34,35
80,00207.jpeg,40,36,43,40
81,00208.jpeg,40,42,43,42
82,00209.jpeg,40,53,50,48
83,00210.jpeg,78,75,88,81
84,00211.jpeg,71,71,61,68
85,00213.jpeg,80,76,71,76
86,00214.jpeg,50,55,50,52
87,00215.jpeg,67,55,62,62
88,00216.jpeg,63,46,60,57
89,00217.jpeg,63,50,60,58
90,00218.jpeg,50,50,48,50
91,00219.jpeg,69,68,47,62
92,00231.jpeg,68,55,51,58
93,00232.jpeg,60,55,48,55
94,00233.jpeg,30,44,40,38
95,00234.jpeg,25,6,20,17
96,00235.jpeg,45,23,48,39
97,00236.jpeg,75,55,53,61
98,00245.jpeg,61,48,55,55
99,00247.jpeg,1,16,7,8
100,00248.jpeg,76,68,55,67
101,00249.jpeg,76,68,62,69
102,00250.jpeg,70,49,56,59
103,00257.jpeg,68,55,60,61
104,00258.jpeg,60,49,57,56
105,00259.jpeg,60,60,70,64
106,00260.jpeg,68,51,71,64
107,00261.jpeg,78,55,70,68
108,00267.jpeg,76,68,78,74
109,00268.jpeg,90,71,78,80
110,00269.jpeg,85,78,80,81
111,00270.jpeg,92,76,82,84
112,00273.jpeg,84,89,90,88
113,00274.jpeg,90,86,91,89
114,00275.jpeg,1,2,2,2
115,00276.jpeg,1,5,4,4
116,00277.jpeg,80,74,72,76
117,00278.jpeg,78,68,70,72
118,00281.jpeg,80,70,71,74
119,00282.jpeg,75,55,62,64
120,00283.jpeg,67,54,60,61
121,00284.jpeg,52,49,60,54
122,00285.jpeg,47,49,61,53
123,00286.jpeg,69,45,62,59
124,00287.jpeg,75,70,74,73
125,00288.jpeg,64,70,71,69
126,00289.jpeg,60,70,71,67
127,00290.jpeg,79,80,79,80
128,00291.jpeg,79,80,79,80
129,00292.jpeg,79,88,82,83
130,00293.jpeg,80,90,88,86
131,00294.jpeg,70,57,57,62
132,00295.jpeg,60,57,50,56
133,00296.jpeg,80,65,75,74
134,00297.jpeg,80,69,76,75
135,00298.jpeg,70,65,60,65
136,00299.jpeg,70,65,76,71
137,00300.jpeg,76,61,64,67
138,00301.jpeg,76,61,76,71
139,00302.jpeg,60,55,50,55
140,00303.jpeg,59,56,50,55
141,00304.jpeg,78,74,87,80
142,00305.jpeg,50,49,45,48
143,00306.jpeg,59,49,48,52
144,00307.jpeg,54,32,52,46
145,00308.jpeg,50,32,50,44
146,00309.jpeg,75,65,55,65
147,00310.jpeg,76,65,55,66
148,00311.jpeg,76,74,59,70
149,00323.jpeg,15,12,19,16
150,00324.jpeg,80,62,77,73
151,00325.jpeg,85,76,84,82
152,00326.jpeg,40,51,49,47
153,00327.jpeg,90,78,78,82
154,00328.jpeg,88,76,71,79
155,00329.jpeg,95,84,88,89
156,00330.jpeg,87,83,92,88
157,00331.jpeg,2,20,7,10
158,00338.jpeg,68,77,72,73
159,00345.jpeg,60,38,38,46
160,00346.jpeg,30,25,11,22
161,00347.jpeg,56,56,40,51
162,00348.jpeg,60,58,35,51
163,00349.jpeg,77,68,72,73
164,00350.jpeg,90,78,90,86
165,00351.jpeg,70,70,55,65
166,00352.jpeg,93,81,85,87
167,00353.jpeg,90,81,85,86
168,00356.jpeg,85,69,78,78
169,00357.jpeg,86,78,78,81
170,00358.jpeg,78,76,80,78
171,00359.jpeg,78,58,55,64
172,00361.jpeg,3,5,2,4
173,00362.jpeg,30,28,22,27
174,00363.jpeg,70,54,51,59
175,00364.jpeg,75,84,60,73
176,00365.jpeg,57,72,60,63
177,00366.jpeg,45,41,47,45
178,00367.jpeg,51,47,61,53
179,00370.jpeg,55,56,51,54
180,00371.jpeg,85,79,90,85
181,00372.jpeg,83,77,78,80
182,00373.jpeg,82,78,85,82
183,00374.jpeg,46,42,52,47
184,00375.jpeg,56,41,56,51
185,00376.jpeg,80,74,85,80
186,00377.jpeg,70,60,62,64
187,00378.jpeg,87,74,88,83
188,00379.jpeg,89,81,85,85
189,00380.jpeg,94,81,95,90
190,00381.jpeg,67,73,71,71
191,00387.jpeg,57,61,63,61
192,00389.jpeg,51,63,52,56
193,00390.jpeg,51,56,45,51
194,00391.jpeg,77,69,85,77
195,00392.jpeg,76,69,72,73
196,00393.jpeg,66,61,62,63
197,00394.jpeg,54,51,55,54
198,00395.jpeg,60,54,60,58
199,00396.jpeg,1,2,1,2
200,00397.jpeg,61,62,77,67
201,00398.jpeg,57,51,48,52
202,00399.jpeg,69,73,78,74
203,00400.jpeg,75,71,78,75
204,00401.jpeg,67,70,74,71
205,00402.jpeg,63,65,62,64
206,00403.jpeg,63,65,68,66
207,00404.jpeg,68,69,50,63
208,00405.jpeg,75,72,71,73
209,00406.jpeg,77,67,57,67
210,00407.jpeg,80,73,71,75
211,00408.jpeg,90,88,92,90
212,00409.jpeg,90,85,89,88
213,00410.jpeg,84,86,90,87
214,00411.jpeg,80,84,92,86
215,00412.jpeg,81,83,79,81
216,00413.jpeg,96,87,90,91
217,00414.jpeg,97,87,90,92
218,00415.jpeg,80,81,80,81
219,00416.jpeg,43,41,43,43
220,00418.jpeg,75,59,67,67
221,00419.jpeg,75,70,78,75
222,00420.jpeg,35,51,35,41
223,00421.jpeg,77,61,61,67
224,00422.jpeg,39,30,37,36
225,00423.jpeg,55,31,40,42
226,00424.jpeg,55,34,56,49
227,00425.jpeg,50,29,41,40
228,00426.jpeg,46,23,36,35
229,00427.jpeg,45,26,43,38
230,00428.jpeg,70,61,78,70
231,00429.jpeg,76,70,82,76
232,00430.jpeg,76,65,82,75
233,00432.jpeg,70,70,65,69
234,00433.jpeg,80,79,71,77
235,00434.jpeg,73,64,66,68
236,00435.jpeg,83,73,62,73
237,00436.jpeg,88,74,80,81
238,00437.jpeg,85,86,87,86
239,00438.jpeg,90,84,82,86
240,00439.jpeg,87,81,78,82
241,00440.jpeg,89,81,84,85
242,00441.jpeg,80,83,75,80
243,00442.jpeg,80,83,76,80
244,00443.jpeg,25,43,39,36
245,00444.jpeg,55,42,42,47
246,00446.jpeg,45,35,35,39
247,00447.jpeg,67,51,75,65
248,00448.jpeg,66,51,75,64
249,00449.jpeg,71,63,71,69
250,00450.jpeg,75,63,71,70
251,00451.jpeg,61,61,69,64
252,00452.jpeg,50,54,47,51
253,00453.jpeg,69,68,65,68
254,00454.jpeg,82,75,88,82
255,00455.jpeg,90,77,92,87
256,00456.jpeg,81,75,90,82
257,00457.jpeg,70,68,45,61
258,00458.jpeg,39,64,39,48
259,00459.jpeg,86,85,85,86
260,00460.jpeg,44,53,40,46
261,00461.jpeg,49,59,50,53
262,00462.jpeg,63,64,57,62
263,00463.jpeg,63,57,51,57
264,00464.jpeg,56,68,53,59
265,00465.jpeg,58,68,69,65
266,00466.jpeg,51,56,51,53
267,00467.jpeg,49,62,43,52
268,00471.jpeg,77,72,78,76
269,00472.jpeg,77,75,78,77
270,00473.jpeg,56,65,63,62
271,00474.jpeg,77,82,87,82
272,00475.jpeg,60,55,50,55
273,00482.jpeg,66,63,61,64
274,00493.jpeg,41,48,46,45
275,00494.jpeg,48,67,53,56
276,00496.jpeg,56,56,60,58
277,00497.jpeg,50,41,44,45
278,00498.jpeg,60,64,63,63
279,00499.jpeg,65,69,61,65
280,00500.jpeg,66,69,76,71
281,00501.jpeg,80,78,92,84
282,00502.jpeg,57,64,62,61
283,00504.jpeg,79,86,89,85
284,00505.jpeg,81,79,81,81
285,00509.jpeg,50,54,54,53
286,00510.jpeg,50,54,50,52
287,00511.jpeg,61,81,77,73
288,00512.jpeg,58,69,48,59
289,00513.jpeg,64,69,71,68
290,00514.jpeg,70,72,70,71
291,00515.jpeg,66,75,61,68
292,00516.jpeg,40,34,27,34
293,00517.jpeg,44,27,27,33
294,00518.jpeg,75,61,69,69
295,00519.jpeg,70,61,52,61
296,00520.jpeg,60,70,60,64
297,00521.jpeg,81,87,92,87
298,00522.jpeg,84,87,92,88
299,00523.jpeg,74,82,75,77
300,00524.jpeg,65,76,71,71
301,00525.jpeg,50,63,43,52
302,00526.jpeg,62,66,59,63
303,00527.jpeg,78,70,78,76
304,00528.jpeg,43,58,55,52
305,00529.jpeg,90,85,81,86
306,00530.jpeg,89,85,84,86
307,00533.jpeg,70,72,71,71
308,00534.jpeg,71,72,71,72
309,00536.jpeg,13,9,7,10
310,00538.jpeg,80,79,79,80
311,00539.jpeg,80,76,78,78
312,00540.jpeg,64,58,60,61
313,00544.jpeg,77,78,80,79
314,00548.jpeg,80,78,78,79
315,00549.jpeg,48,50,48,49
316,00550.jpeg,70,79,70,73
317,00551.jpeg,70,77,70,73
318,00552.jpeg,72,70,60,68
319,00553.jpeg,71,68,60,67
320,00554.jpeg,86,85,80,84
321,00555.jpeg,79,88,70,79
322,00558.jpeg,83,80,71,78
323,00559.jpeg,50,55,51,52
324,00560.jpeg,70,65,60,65
325,00561.jpeg,76,70,71,73
326,00562.jpeg,82,75,79,79
327,00563.jpeg,69,69,69,69
328,00564.jpeg,60,57,56,58
329,00569.jpeg,84,71,85,80
330,00570.jpeg,83,78,87,83
331,00571.jpeg,64,72,76,71
332,00572.jpeg,8,7,6,7
333,00573.jpeg,48,52,50,50
334,00575.jpeg,5,0,2,3
335,00576.jpeg,70,53,69,64
336,00577.jpeg,78,68,76,74
337,00578.jpeg,76,76,80,78
338,00579.jpeg,74,68,74,72
339,00580.jpeg,40,25,40,35
340,00582.jpeg,77,74,73,75
341,00583.jpeg,69,75,57,67
342,00584.jpeg,69,70,57,66
343,00585.jpeg,57,71,65,65
344,00586.jpeg,68,76,80,75
345,00587.jpeg,59,59,50,56
346,00588.jpeg,25,31,20,26
347,00589.jpeg,40,45,30,39
348,00591.jpeg,55,56,58,57
349,00596.jpeg,22,11,7,14
350,00598.jpeg,58,51,61,57
351,00601.jpeg,22,25,30,26
352,00604.jpeg,67,65,78,70
353,00605.jpeg,62,65,76,68
354,00606.jpeg,77,74,82,78
355,00607.jpeg,79,74,84,79
356,00608.jpeg,46,34,30,37
357,00609.jpeg,59,65,60,62
358,00610.jpeg,51,55,48,52
359,00611.jpeg,34,54,51,47
360,00612.jpeg,21,42,30,31
361,00613.jpeg,65,67,70,68
362,00614.jpeg,50,57,55,54
363,00615.jpeg,57,65,65,63
364,00616.jpeg,70,90,77,79
365,00617.jpeg,70,80,65,72
366,00618.jpeg,67,70,65,68
367,00621.jpeg,71,71,74,72
368,00622.jpeg,71,71,76,73
369,00623.jpeg,55,58,50,55
370,00624.jpeg,51,59,55,55
371,00625.jpeg,50,66,70,62
372,00626.jpeg,47,66,60,58
373,00627.jpeg,47,71,70,63
374,00631.jpeg,56,67,53,59
375,00632.jpeg,41,43,28,38
376,00633.jpeg,60,60,70,64
377,00634.jpeg,74,90,79,81
378,00638.jpeg,20,48,30,33
379,00639.jpeg,35,48,38,41
380,00640.jpeg,17,24,16,19
381,00641.jpeg,14,17,20,17
382,00642.jpeg,73,68,86,76
383,00643.jpeg,79,70,88,79
384,00644.jpeg,44,56,41,47
385,00645.jpeg,40,60,48,50
386,00646.jpeg,64,63,64,64
387,00647.jpeg,60,56,52,56
388,00648.jpeg,55,48,49,51
389,00649.jpeg,56,48,55,53
390,00650.jpeg,40,57,35,44
391,00651.jpeg,40,57,35,44
392,00652.jpeg,79,78,74,77
393,00653.jpeg,76,78,73,76
394,00654.jpeg,70,76,72,73
395,00655.jpeg,61,74,77,71
396,00656.jpeg,20,14,29,21
397,00658.jpeg,44,57,67,56
398,00662.jpeg,74,55,55,62
399,00663.jpeg,60,55,54,57
400,00665.jpeg,45,43,41,43
401,00667.jpeg,77,75,68,74
402,00668.jpeg,86,78,92,86
403,00669.jpeg,87,78,94,87
404,00670.jpeg,65,67,49,61
405,00671.jpeg,29,47,49,42
406,00672.jpeg,76,74,79,77
407,00673.jpeg,76,72,79,76
408,00674.jpeg,55,56,70,61
409,00675.jpeg,55,56,70,61
410,00676.jpeg,1,1,1,1
411,00677.jpeg,46,54,68,56
412,00678.jpeg,82,86,65,78
413,00683.jpeg,79,84,60,75
414,00684.jpeg,79,78,79,79
415,00685.jpeg,59,60,55,58
416,00686.jpeg,30,37,28,32
417,00687.jpeg,17,42,28,29
418,00688.jpeg,14,36,35,29
419,00691.jpeg,1,1,1,1
420,00693.jpeg,7,25,28,20
421,00696.jpeg,80,76,71,76
422,00697.jpeg,82,78,75,79
423,00698.jpeg,37,47,27,37
424,00699.jpeg,17,30,22,23
425,00700.jpeg,69,64,69,68
426,00701.jpeg,55,43,47,49
427,00702.jpeg,55,45,47,49
428,00703.jpeg,44,54,57,52
429,00704.jpeg,44,54,65,55
430,00705.jpeg,70,67,50,63
431,00706.jpeg,70,67,60,66
432,00707.jpeg,66,58,70,65
433,00708.jpeg,6,5,4,5
434,00709.jpeg,70,63,80,71
435,00710.jpeg,71,63,71,69
436,00711.jpeg,52,47,55,52
437,00713.jpeg,57,44,50,51
438,00714.jpeg,79,60,64,68
439,00715.jpeg,44,45,60,50
440,00716.jpeg,77,63,79,73
441,00717.jpeg,75,62,82,73
442,00718.jpeg,75,60,82,73
443,00719.jpeg,89,84,87,87
444,00720.jpeg,87,84,87,86
445,00721.jpeg,80,76,72,76
446,00722.jpeg,70,64,70,68
447,00723.jpeg,67,63,70,67
448,00724.jpeg,71,60,48,60
449,00725.jpeg,84,69,82,79
450,00726.jpeg,47,59,68,58
451,00727.jpeg,48,59,68,59
452,00728.jpeg,61,63,77,67
453,00729.jpeg,68,65,79,71
454,00730.jpeg,65,84,79,76
455,00731.jpeg,16,33,14,21
456,00732.jpeg,45,40,45,44
457,00733.jpeg79.5,79.5,79,80,80
458,00734.jpeg,40,42,34,39
459,00735.jpeg,80,83,82,82
460,00736.jpeg,84,83,82,83
461,00737.jpeg,56,55,37,50
462,00738.jpeg,35,36,22,31
463,00739.jpeg,27,41,26,32
464,00740.jpeg,25,30,22,26
465,00741.jpeg,45,40,50,45
466,00742.jpeg,70,66,66,68
467,00743.jpeg,72,68,61,67
468,00744.jpeg,78,77,75,77
469,00745.jpeg,69,60,60,63
470,00746.jpeg,77,81,71,77
471,00747.jpeg,73,81,69,75
472,00750.jpeg,72,76,65,71
473,00751.jpeg,50,52,36,46
474,00752.jpeg,64,49,39,51
475,00753.jpeg,30,41,29,34
476,00754.jpeg,82,81,77,80
477,00755.jpeg,88,84,84,86
478,00756.jpeg,76,76,71,75
479,00757.jpeg,70,78,76,75
480,00758.jpeg,79,80,72,77
481,00759.jpeg,86,85,90,87
482,00760.jpeg,70,80,71,74
483,00761.jpeg,71,80,75,76
484,00762.jpeg,83,90,87,87
485,00763.jpeg,80,84,87,84
486,00764.jpeg,72,76,90,80
487,00765.jpeg,84,80,94,86
488,00766.jpeg,80,85,78,81
489,00767.jpeg,71,80,77,76
490,00768.jpeg,57,49,41,49
491,00769.jpeg,37,48,34,40
492,00770.jpeg,76,78,59,71
493,00771.jpeg,50,62,40,51
494,00772.jpeg,48,48,40,46
495,00773.jpeg,25,48,50,41
496,00774.jpeg,43,55,60,53
497,00775.jpeg,76,78,63,73
498,00776.jpeg,76,78,75,77
499,00779.jpeg,76,68,61,69
500,00780.jpeg,83,79,77,80
501,00781.jpeg,62,60,64,62
502,00782.jpeg,77,74,79,77
503,00783.jpeg,75,70,71,72
504,00784.jpeg,79,76,79,78
505,00785.jpeg,76,76,79,77
506,00786.jpeg,67,77,75,73
507,00787.jpeg,88,80,92,87
508,00788.jpeg,72,76,79,76
509,00789.jpeg,71,76,79,76
510,00790.jpeg,69,53,69,64
511,00791.jpeg,66,58,70,65
512,00792.jpeg,61,63,68,64
513,00793.jpeg,54,47,35,46
514,00794.jpeg,59,57,59,59
515,00795.jpeg,70,65,70,69
516,00796.jpeg,61,58,60,60
517,00797.jpeg,62,45,40,49
518,00798.jpeg,59,45,40,48
519,00799.jpeg,73,75,71,73
520,00800.jpeg,78,88,90,86
521,00801.jpeg,74,79,73,76
522,00802.jpeg,71,79,72,74
523,00803.jpeg,63,60,55,60
524,00804.jpeg,62,40,45,49
525,00805.jpeg,62,46,50,53
526,00806.jpeg,51,35,40,42
527,00807.jpeg,45,30,41,39
528,00808.jpeg,67,72,71,70
529,00809.jpeg,80,78,80,80
530,00810.jpeg,80,76,79,79
531,00811.jpeg,76,76,76,76
532,00813.jpeg,50,40,56,49
533,00814.jpeg,62,70,78,70
534,00815.jpeg,62,68,73,68
535,00816.jpeg,61,72,70,68
536,00817.jpeg,54,55,50,53
537,00818.jpeg,60,55,61,59
538,00819.jpeg,68,68,70,69
539,00820.jpeg,38,38,24,34
540,00821.jpeg,16,10,4,10
541,00822.jpeg,13,5,2,7
542,00823.jpeg,82,80,79,81
543,00824.jpeg,69,74,71,72
544,00825.jpeg,73,77,74,75
545,00826.jpeg,69,73,70,71
546,00827.jpeg,70,69,80,73
547,00828.jpeg,63,65,58,62
548,00829.jpeg,64,68,50,61
549,00830.jpeg,64,59,53,59
550,00831.jpeg,61,64,50,59
551,00832.jpeg,67,65,79,71
552,00833.jpeg,40,40,40,40
553,00834.jpeg,59,45,41,49
554,00835.jpeg,63,56,60,60
555,00836.jpeg,52,54,38,48
556,00838.jpeg,70,60,65,65
557,00839.jpeg,69,58,60,63
558,00840.jpeg,73,64,63,67
559,00841.jpeg,71,64,65,67
560,00842.jpeg,68,69,63,67
561,00843.jpeg,61,47,48,52
562,00844.jpeg,59,49,45,51
563,00845.jpeg,54,56,58,56
564,00846.jpeg,56,59,78,65
565,00847.jpeg,51,55,60,56
566,00850.jpeg,76,72,77,75
567,00851.jpeg,75,70,74,73
568,00852.jpeg,78,72,75,75
569,00853.jpeg,77,71,71,73
570,00854.jpeg,74,71,80,75
571,00855.jpeg,78,74,80,78
572,00856.jpeg,44,55,43,48
573,00857.jpeg,44,58,49,51
574,00858.jpeg,55,67,60,61
575,00859.jpeg,45,42,35,41
576,00860.jpeg,60,64,63,63
577,00861.jpeg,49,30,50,43
578,00862.jpeg,52,48,60,54
579,00863.jpeg,76,76,72,75
580,00864.jpeg,80,76,72,76
581,00867.jpeg,35,43,43,41
582,00868.jpeg,43,55,45,48
583,00870.jpeg,60,55,58,58
584,00873.jpeg,66,68,65,67
585,00874.jpeg,56,60,69,62
586,00875.jpeg,56,57,70,61
587,00876.jpeg,51,68,61,60
588,00877.jpeg,54,69,70,65
589,00878.jpeg,80,74,78,78
590,00879.jpeg,55,57,55,56
591,00880.jpeg,80,75,80,79
592,00881.jpeg,83,78,85,82
593,00882.jpeg,77,60,70,69
594,00883.jpeg,73,60,54,63
595,00884.jpeg,53,44,45,48
596,00885.jpeg,16,22,15,18
597,00886.jpeg,77,74,77,76
598,00887.jpeg,70,56,58,62
599,00888.jpeg,60,46,43,50
600,00889.jpeg,59,40,55,52
601,00890.jpeg,66,45,43,52
602,00891.jpeg,70,60,56,62
603,00892.jpeg,79,86,87,84
604,00893.jpeg,81,90,89,87
605,00900.jpeg,79,84,90,85
606,00903.jpeg,83,88,89,87
607,00908.jpeg,86,85,89,87
608,00912.jpeg,84,90,85,87
609,00913.jpeg,84,95,88,89
610,00914.jpeg,87,95,88,90
611,00915.jpeg,80,92,85,86
612,00917.jpeg,77,87,80,82
613,00918.jpeg,70,80,78,76
614,00919.jpeg,5,8,2,5
615,00923.jpeg,20,10,22,18
616,00924.jpeg,21,15,27,21
617,00928.jpeg,84,94,85,88
618,00929.jpeg,83,85,85,85
619,00932.jpeg,74,77,79,77
620,00933.jpeg,75,77,76,76
621,00934.jpeg,78,79,85,81
622,00935.jpeg,84,84,80,83
623,00936.jpeg,49,30,47,42
624,00938.jpeg,84,80,75,80
625,00939.jpeg,79,85,72,79
626,00940.jpeg,79,79,91,83
627,00941.jpeg,80,80,79,80
628,00942.jpeg,18,15,15,16
629,00946.jpeg,67,79,73,73
630,00948.jpeg,72,83,79,78
631,00950.jpeg,68,60,78,69
632,00951.jpeg,68,68,73,70
633,00952.jpeg,72,71,71,72
634,00953.jpeg,70,60,50,60
635,00955.jpeg,47,43,23,38
636,00956.jpeg,80,73,78,77
637,00957.jpeg,50,48,43,47
638,00958.jpeg,50,50,43,48
639,00959.jpeg,76,57,69,68
640,00960.jpeg,76,64,78,73
641,00961.jpeg,71,58,58,63
642,00962.jpeg,78,76,79,78
643,00963.jpeg,78,70,73,74
644,00964.jpeg,67,50,59,59
645,00965.jpeg,67,55,63,62
646,00966.jpeg,80,80,81,81
647,00967.jpeg,68,72,88,76
648,00968.jpeg,68,70,60,66
649,00969.jpeg,80,73,78,77
650,00970.jpeg,80,73,75,76
651,00971.jpeg,54,56,60,57
652,00972.jpeg,70,65,79,72
653,00973.jpeg,53,47,59,53
654,00974.jpeg,53,54,59,56
655,00975.jpeg,59,65,75,67
656,00976.jpeg,59,43,54,52
657,00977.jpeg,50,65,67,61
658,00978.jpeg,48,45,44,46
659,00983.jpeg,52,66,76,65
660,00984.jpeg,56,66,70,64
661,00985.jpeg,56,66,60,61
662,00986.jpeg,89,81,82,84
663,00987.jpeg,88,81,82,84
664,00988.jpeg,72,72,69,71
665,00990.jpeg,81,79,77,79
666,00991.jpeg,80,75,75,77
667,00992.jpeg,85,85,91,87
668,00993.jpeg,86,80,90,86
669,00995.jpeg,74,75,84,78
670,00996.jpeg,80,80,92,84
671,00997.jpeg,82,85,88,85
672,00998.jpeg,89,90,89,90
673,00999.jpeg,74,80,76,77
674,01000.jpeg,77,80,59,72
675,01001.jpeg,78,83,72,78
676,01002.jpeg,77,65,59,67
677,01003.jpeg,59,60,38,53
678,01005.jpeg,58,63,40,54
679,01007.jpeg,58,56,33,49
680,01009.jpeg,71,69,75,72
681,01010.jpeg,79,74,73,76
682,01011.jpeg,70,76,76,74
683,01012.jpeg,70,76,76,74
684,01013.jpeg,69,74,56,67
685,01016.jpeg,80,78,79,79
686,01017.jpeg,82,82,79,81
687,01018.jpeg,79,80,72,77
688,01019.jpeg,79,80,76,79
689,01020.jpeg,49,60,63,58
690,01021.jpeg,50,60,63,58
691,01022.jpeg,50,54,56,54
692,01023.jpeg,72,65,70,69
693,01024.jpeg,74,63,70,69
694,01025.jpeg,69,54,45,56
695,01026.jpeg,70,70,79,73
696,01027.jpeg,70,72,79,74
697,01028.jpeg,71,74,83,76
698,01029.jpeg,73,76,78,76
699,01030.jpeg,78,85,79,81
700,01032.jpeg,63,70,59,64
701,01033.jpeg,55,58,45,53
702,01034.jpeg,48,65,44,53
703,01036.jpeg,67,61,78,69
704,01037.jpeg,67,61,78,69
705,01038.jpeg,66,67,57,64
706,01039.jpeg,57,61,50,56
707,01040.jpeg,57,67,73,66
708,01041.jpeg,57,60,70,63
709,01042.jpeg,57,50,71,60
710,01043.jpeg,71,60,78,70
711,01044.jpeg,69,63,75,69
712,01045.jpeg,44,30,43,39
713,01046.jpeg,80,81,90,84
714,01047.jpeg,80,85,91,86
715,01048.jpeg,65,50,74,63
716,01049.jpeg,65,55,69,63
717,01050.jpeg,63,60,71,65
718,01052.jpeg,80,75,66,74
719,01053.jpeg,69,69,66,68
720,01054.jpeg,54,35,51,47
721,01055.jpeg,52,35,33,40
722,01056.jpeg,48,35,43,42
723,01057.jpeg,49,50,74,58
724,01058.jpeg,49,56,70,59
725,01059.jpeg,71,70,67,70
726,01060.jpeg,76,70,76,74
727,01063.jpeg,83,76,82,81
728,01064.jpeg,84,78,80,81
729,01066.jpeg,24,46,35,35
730,01067.jpeg,13,6,27,16
731,01068.jpeg,41,45,43,43
732,01069.jpeg,38,13,19,24
733,01070.jpeg,37,16,33,29
734,01072.jpeg,12,12,27,17
735,01073.jpeg,45,40,50,45
736,01074.jpeg,46,40,56,48
737,01077.jpeg,39,36,52,43
738,01078.jpeg,39,40,45,42
739,01079.jpeg,9,3,3,5
740,01080.jpeg,19,10,27,19
741,01081.jpeg,52,58,57,56
742,01082.jpeg,72,68,80,74
743,01083.jpeg,70,73,65,70
744,01084.jpeg,79,77,78,78
745,01085.jpeg,76,69,71,72
746,01086.jpeg,12,4,2,6
747,01087.jpeg,11,4,2,6
748,01092.jpeg,67,64,78,70
749,01093.jpeg,64,50,68,61
750,01094.jpeg,70,67,79,72
751,01095.jpeg,65,67,73,69
752,01096.jpeg,11,10,3,8
753,01097.jpeg,63,58,66,63
754,01098.jpeg,69,75,82,76
755,01099.jpeg,67,78,82,76
756,01100.jpeg,82,87,90,87
757,01101.jpeg,13,7,9,10
758,01104.jpeg,42,30,33,35
759,01105.jpeg,40,20,30,30
760,01106.jpeg,72,73,88,78
761,01107.jpeg,81,80,92,85
762,01108.jpeg,82,84,92,86
763,01110.jpeg,15,18,10,15
764,01111.jpeg,54,64,76,65
765,01112.jpeg,16,40,27,28
766,01113.jpeg,80,74,85,80
767,01114.jpeg,78,72,79,77
768,01115.jpeg,39,31,45,39
769,01116.jpeg,41,37,48,42
770,01117.jpeg,80,78,90,83
771,01118.jpeg,78,75,85,80
772,01120.jpeg,88,88,91,89
773,01121.jpeg,88,83,91,88
774,01122.jpeg,81,94,96,91
775,01123.jpeg,78,96,96,90
776,01125.jpeg,17,15,8,14
777,01126.jpeg,14,16,11,14
778,01127.jpeg,13,20,11,15
779,01130.jpeg,60,58,78,66
780,01131.jpeg,17,8,5,10
781,01132.jpeg,13,12,10,12
782,01133.jpeg,12,20,12,15
783,01134.jpeg,18,32,15,22
784,01135.jpeg,11,13,13,13
785,01136.jpeg,58,70,68,66
786,01137.jpeg,57,65,71,65
787,01138.jpeg,57,65,71,65
788,01139.jpeg,42,30,54,42
789,01140.jpeg,36,38,45,40
790,01141.jpeg,49,38,55,48
791,01142.jpeg,54,72,65,64
792,01143.jpeg,67,80,84,77
793,01144.jpeg,30,37,45,38
794,01145.jpeg,69,60,75,68
795,01147.jpeg,76,81,66,75
796,01148.jpeg,72,82,78,78
797,01149.jpeg,72,70,72,72
798,01150.jpeg,15,34,30,27
799,01151.jpeg,15,28,34,26
800,01152.jpeg,77,81,78,79
801,01153.jpeg,77,79,78,78
802,01154.jpeg,73,74,75,74
803,01155.jpeg,73,64,77,72
804,01156.jpeg,77,75,82,78
805,01157.jpeg,77,75,79,77
806,01160.jpeg,45,35,48,43
807,01161.jpeg,38,36,52,42
808,01162.jpeg,35,46,47,43
809,01164.jpeg,43,58,64,55
810,01165.jpeg,7,2,2,4
811,01167.jpeg,50,64,70,62
812,01168.jpeg,47,38,40,42
813,01169.jpeg,43,31,30,35
814,01170.jpeg,45,35,42,41
815,01171.jpeg,44,35,42,41
816,01172.jpeg,26,37,31,32
817,01175.jpeg,59,49,45,51
818,01176.jpeg,57,73,60,64
819,01177.jpeg,57,80,69,69
820,01178.jpeg,68,76,76,74
821,01179.jpeg,64,60,60,62
822,01180.jpeg,59,57,65,61
823,01181.jpeg,59,60,70,63
824,01182.jpeg,58,62,62,61
825,01183.jpeg,68,67,69,68
826,01188.jpeg,71,70,70,71
827,01189.jpeg,66,54,42,54
828,01190.jpeg,68,65,68,67
829,01191.jpeg,73,73,72,73
830,01192.jpeg,50,30,25,35
831,01193.jpeg,20,20,20,20
832,01194.jpeg,59,59,50,56
833,01195.jpeg,59,51,52,54
834,01196.jpeg,55,47,46,50
835,01197.jpeg,82,76,85,81
836,01198.jpeg,90,90,85,89
837,01199.jpeg,50,60,65,59
838,01207.jpeg,52,70,70,64
839,01208.jpeg,52,48,59,53
840,01209.jpeg,70,66,78,72
841,01210.jpeg,62,56,67,62
842,01211.jpeg,67,63,71,67
843,01212.jpeg,50,44,50,48
844,01213.jpeg,50,48,61,53
845,01217.jpeg,80,85,87,84
846,01218.jpeg,83,86,90,87
847,01219.jpeg,79,86,90,85
848,01220.jpeg,31,60,43,45
849,01221.jpeg,45,55,42,48
850,01222.jpeg,70,90,82,81
851,01223.jpeg,79,82,86,83
852,01224.jpeg,42,35,48,42
853,01225.jpeg,44,35,48,43
854,01226.jpeg,39,28,40,36
855,01227.jpeg,25,13,7,15
856,01229.jpeg,33,45,24,34
857,01231.jpeg,76,70,71,73
858,01233.jpeg,76,70,71,73
859,01234.jpeg,82,78,84,82
860,01235.jpeg,28,34,37,33
861,01236.jpeg,27,28,29,28
862,01237.jpeg,28,35,48,37
863,01238.jpeg,55,55,51,54
864,01239.jpeg,50,62,53,55
865,01240.jpeg,10,30,35,25
866,01241.jpeg,40,28,45,38
867,01242.jpeg,73,69,77,73
868,01243.jpeg,71,66,60,66
869,01244.jpeg,70,67,79,72
870,01245.jpeg,70,67,79,72
871,01246.jpeg,57,50,59,56
872,01247.jpeg,57,49,61,56
873,01248.jpeg,16,20,23,20
874,01250.jpeg,79,81,75,79
875,01251.jpeg,79,81,75,79
876,01252.jpeg,55,43,42,47
877,01253.jpeg,65,64,70,67
878,01254.jpeg,59,39,49,49
879,01255.jpeg,79,80,92,84
880,01256.jpeg,77,78,80,79
881,01257.jpeg,32,20,25,26
882,01258.jpeg,32,20,35,29
883,01259.jpeg,82,86,90,86
884,01260.jpeg,34,24,30,30
885,01261.jpeg,71,74,66,71
886,01262.jpeg,58,38,34,44
887,01263.jpeg,30,49,37,39
888,01264.jpeg,50,63,58,57
889,01265.jpeg,67,73,62,68
890,01266.jpeg,68,83,88,80
891,01267.jpeg,69,65,69,68
892,01268.jpeg,81,85,84,84
893,01269.jpeg,79,81,76,79
894,01270.jpeg,72,63,70,69
895,01271.jpeg,71,70,67,70
896,01272.jpeg,69,55,49,58
897,01273.jpeg,64,58,51,58
898,01274.jpeg,80,86,85,84
899,01275.jpeg,77,65,63,69
900,01276.jpeg,73,73,71,73
901,01277.jpeg,71,73,58,68
902,01278.jpeg,45,20,39,35
903,01279.jpeg,30,27,35,31
904,01280.jpeg,57,36,35,43
905,01281.jpeg,55,48,47,50
906,01282.jpeg,74,60,73,69
907,01283.jpeg,78,67,71,72
908,01284.jpeg,65,50,57,58
909,01285.jpeg,17,22,7,16
910,01286.jpeg,73,85,83,81
911,01287.jpeg,73,85,83,81
912,01288.jpeg,71,62,51,62
913,01289.jpeg,67,55,51,58
914,01290.jpeg,72,75,80,76
915,01292.jpeg,87,90,91,90
916,01293.jpeg,79,77,74,77
917,01294.jpeg,20,19,17,19
918,01295.jpeg,77,56,59,64
919,01296.jpeg,77,65,55,66
920,01297.jpeg,80,79,78,79
921,01298.jpeg,83,79,78,80
922,01299.jpeg,60,57,61,60
923,01333.jpeg,50,50,50,50
924,01338.jpeg,18,10,8,12
925,01351.jpeg,70,58,69,66
926,01352.jpeg,68,65,72,69
927,01353.jpeg,67,67,70,68
928,01354.jpeg,69,67,70,69
929,01355.jpeg,70,74,79,75
930,01356.jpeg,54,60,47,54
931,01357.jpeg,82,89,86,86
932,01360.jpeg,69,78,84,77
933,01361.jpeg,69,70,78,73
934,01362.jpeg,75,80,78,78
935,01363.jpeg,75,80,78,78
936,01364.jpeg,60,55,44,53
937,01365.jpeg,55,50,43,50
938,01366.jpeg,68,64,54,62
939,01368.jpeg,78,67,70,72
940,01370.jpeg,71,70,67,70
941,01371.jpeg,28,30,27,29
942,01372.jpeg,66,65,75,69
943,01373.jpeg,63,62,75,67
944,01376.jpeg,50,26,43,40
945,01377.jpeg,43,23,39,35
946,01378.jpeg,77,76,77,77
947,01379.jpeg,78,75,77,77
948,01380.jpeg,75,78,71,75
949,01381.jpeg,74,78,71,75
950,01382.jpeg,68,56,65,63
951,01383.jpeg,68,71,70,70
952,01384.jpeg,68,65,71,68
953,01385.jpeg,68,65,67,67
954,01386.jpeg,72,76,70,73
955,01387.jpeg,72,76,72,74
956,01388.jpeg,58,45,39,48
957,01389.jpeg,54,62,69,62
958,01390.jpeg,70,61,80,71
959,01391.jpeg,70,61,80,71
960,01393.jpeg,77,67,85,77
961,01394.jpeg,62,40,49,51
962,01395.jpeg,62,48,56,56
963,01396.jpeg,69,48,55,58
964,01397.jpeg,67,62,60,63
965,01398.jpeg,67,60,80,69
966,01399.jpeg,65,62,77,68
967,01400.jpeg,65,70,69,68
968,01401.jpeg,59,58,50,56
969,01402.jpeg,68,87,90,82
970,01403.jpeg,73,89,93,85
971,01404.jpeg,73,87,92,84
972,01405.jpeg,65,67,82,72
973,01406.jpeg,56,50,52,53
974,01407.jpeg,81,76,88,82
975,01408.jpeg,79,70,73,74
976,01409.jpeg,71,79,94,82
977,01410.jpeg,69,74,82,75
978,01411.jpeg,70,70,79,73
979,01413.jpeg,47,40,50,46
980,01414.jpeg,80,68,83,77
981,01415.jpeg,78,69,83,77
982,01416.jpeg,12,21,7,14
983,01417.jpeg,7,10,6,8
984,01418.jpeg,69,53,53,59
985,01419.jpeg,66,43,49,53
986,01420.jpeg,50,45,46,47
987,01421.jpeg,49,37,55,47
988,01422.jpeg,56,48,50,52
989,01426.jpeg,76,80,80,79
990,01427.jpeg,77,80,89,82
991,01428.jpeg,72,76,84,78
992,01429.jpeg,68,65,60,65
993,01430.jpeg,71,51,59,61
994,01431.jpeg,71,58,68,66
995,01432.jpeg,71,58,70,67
996,01433.jpeg,59,45,45,50
997,01434.jpeg,53,59,48,54
998,01435.jpeg,70,68,82,74
999,01436.jpeg,82,80,89,84
1000,01437.jpeg,59,67,69,65
1001,01438.jpeg,11,12,7,10
1002,01439.jpeg,70,70,71,71
1003,01440.jpeg,34,45,40,40
1004,01444.jpeg,81,74,90,82
1005,01445.jpeg,68,59,61,63
1006,01446.jpeg,62,49,63,58
1007,01447.jpeg,75,86,70,77
1008,01448.jpeg,71,78,70,73
1009,01450.jpeg,79,83,88,84
1010,01451.jpeg,68,90,90,83
1011,01452.jpeg,63,81,86,77
1012,01453.jpeg,57,65,45,56
1013,01454.jpeg,76,78,75,77
1014,01455.jpeg,74,67,78,73
1015,01456.jpeg,80,70,83,78
1016,01457.jpeg,69,67,76,71
1017,01458.jpeg,64,64,65,65
1018,01461.jpeg,79,71,71,74
1019,01462.jpeg,82,78,79,80
1020,01463.jpeg,62,56,68,62
1021,01464.jpeg,57,37,39,45
1022,01465.jpeg,57,57,70,62
1023,01466.jpeg,63,59,63,62
1024,01467.jpeg,60,60,69,63
1025,01468.jpeg,70,61,60,64
1026,01469.jpeg,79,74,85,80
1027,01470.jpeg,70,75,68,71
1028,01471.jpeg,58,40,43,47
1029,01472.jpeg,58,52,50,54
1030,01473.jpeg,82,77,74,78
1031,01474.jpeg,72,69,73,72
1032,01475.jpeg,72,64,71,69
1033,01476.jpeg,57,56,70,61
1034,01477.jpeg,52,40,47,47
1035,01478.jpeg,76,77,71,75
1036,01479.jpeg,76,68,59,68
1037,01480.jpeg,34,33,40,36
1038,01481.jpeg,56,58,64,60
1039,01482.jpeg,49,55,65,57
1040,01483.jpeg,83,84,89,86
1041,01484.jpeg,80,76,75,77
1042,01485.jpeg,79,81,86,82
1043,01486.jpeg,77,75,71,75
1044,01487.jpeg,84,80,90,85
1045,01488.jpeg,43,40,60,48
1046,01489.jpeg,5,1,1,3
1047,01490.jpeg,79,78,71,76
1048,01491.jpeg,82,81,79,81
1049,01492.jpeg,58,54,45,53
1050,01493.jpeg,81,75,75,77
1051,01494.jpeg,73,79,84,79
1052,01495.jpeg,86,86,92,88
1053,01496.jpeg,63,48,45,52
1054,01497.jpeg,49,34,32,39
1055,01498.jpeg,57,62,74,65
1056,01501.jpeg,62,62,76,67
1057,01502.jpeg,69,62,72,68
1058,01504.jpeg,60,60,70,64
1059,01505.jpeg,55,55,70,60
1060,01506.jpeg,9,14,18,14
1061,01509.jpeg,6,3,2,4
1062,01510.jpeg,85,75,80,80
1063,01511.jpeg,83,78,71,78
1064,01512.jpeg,47,39,25,37
1065,01513.jpeg,11,15,25,17
1066,01514.jpeg,6,4,10,7
1067,01515.jpeg,7,7,15,10
1068,01517.jpeg,4,4,1,3
1069,01518.jpeg,11,12,30,18
1070,01519.jpeg,86,82,80,83
1071,01520.jpeg,84,78,77,80
1072,01521.jpeg,84,80,79,81
1073,01522.jpeg,87,81,79,83
1074,01523.jpeg,80,79,78,79
1075,01524.jpeg,79,73,70,74
1076,01525.jpeg,76,78,70,75
1077,01526.jpeg,74,76,68,73
1078,01529.jpeg,1,1,1,1
1079,01530.jpeg,1,1,1,1
1080,01531.jpeg,59,63,51,58
1081,01532.jpeg,1,2,2,2
1082,01533.jpeg,78,94,85,86
1083,01534.jpeg,71,70,66,69
1084,01535.jpeg,60,46,40,49
1085,01536.jpeg,59,46,46,51
1086,01539.jpeg,19,26,34,27
1087,01540.jpeg,20,33,34,29
1088,01541.jpeg,81,77,82,80
1089,01542.jpeg,83,79,84,82
1090,01543.jpeg,69,54,49,58
1091,01544.jpeg,70,63,51,62
1092,01545.jpeg,74,65,76,72
1093,01546.jpeg,72,62,69,68
1094,01547.jpeg,53,33,28,38
1095,01548.jpeg,56,50,59,55
1096,01549.jpeg,57,56,70,61
1097,01550.jpeg,57,70,70,66
1098,01551.jpeg,82,82,89,85
1099,01552.jpeg,87,85,91,88
1100,01553.jpeg,85,85,85,85
1101,01554.jpeg,61,55,60,59
1102,01555.jpeg,73,68,50,64
1103,01556.jpeg,69,52,44,55
1104,01557.jpeg,49,48,43,47
1105,01558.jpeg,50,48,41,47
1106,01559.jpeg,55,50,52,53
1107,01560.jpeg,53,45,30,43
1108,01561.jpeg,55,62,48,55
1109,01562.jpeg,77,65,73,72
1110,01563.jpeg,72,55,71,66
1111,01564.jpeg,76,68,65,70
1112,01565.jpeg,80,68,67,72
1113,01569.jpeg,80,75,78,78
1114,01570.jpeg,64,57,46,56
1115,01571.jpeg,77,88,77,81
1116,01573.jpeg,77,88,79,82
1117,01575.jpeg,39,25,27,31
1118,01576.jpeg,13,17,15,15
1119,01577.jpeg,17,10,5,11
1120,01580.jpeg,16,14,6,12
1121,01581.jpeg,69,45,52,56
1122,01582.jpeg,55,48,45,50
1123,01584.jpeg,34,28,31,31
1124,01585.jpeg,51,34,29,38
1125,01586.jpeg,69,50,49,56
1126,01587.jpeg,75,67,53,65
1127,01588.jpeg,78,64,53,65
1128,01589.jpeg,36,33,32,34
1129,01590.jpeg,36,31,26,31
1130,01591.jpeg,38,28,30,32
1131,01592.jpeg,21,12,11,15
1132,01593.jpeg,2,3,1,2
1133,01594.jpeg,28,30,32,30
1134,01595.jpeg,34,10,34,26
1135,01596.jpeg,30,15,26,24
1136,01599.jpeg,80,80,78,80
1137,01600.jpeg,83,80,71,78
1138,01601.jpeg,79,82,82,81
1139,01602.jpeg,76,71,73,74
1140,01603.jpeg,76,72,70,73
1141,01604.jpeg,76,68,70,72
1142,01605.jpeg,86,80,80,82
1143,01606.jpeg,79,65,55,67
1144,01607.jpeg,70,70,69,70
1145,01608.jpeg,37,50,51,46
1146,01609.jpeg,58,57,75,64
1147,01610.jpeg,60,48,49,53
1148,01611.jpeg,65,49,48,54
1149,01612.jpeg,30,12,20,21
1150,01613.jpeg,79,70,81,77
1151,01614.jpeg,77,71,83,77
1152,01620.jpeg,45,27,29,34
1153,01621.jpeg,65,48,57,57
1154,01622.jpeg,63,48,66,59
1155,01625.jpeg,67,66,60,65
1156,01626.jpeg,68,70,78,72
1157,01627.jpeg,39,37,32,36
1158,01630.jpeg,75,80,79,78
1159,01635.jpeg,49,27,38,38
1160,01636.jpeg,51,40,35,42
1161,01642.jpeg,80,73,71,75
1162,01643.jpeg,78,75,74,76
1163,01644.jpeg,73,67,72,71
1164,01645.jpeg,74,67,72,71
1165,01646.jpeg,70,68,78,72
1166,01647.jpeg,67,80,79,76
1167,01648.jpeg,75,70,70,72
1168,01649.jpeg,69,55,74,66
1169,01650.jpeg,73,68,63,68
1170,01653.jpeg,71,71,69,71
1171,01654.jpeg,52,40,53,49
1172,01655.jpeg,54,46,51,51
1173,01656.jpeg,57,58,60,59
1174,01657.jpeg,50,50,68,56
1175,01658.jpeg,45,39,59,48
1176,01660.jpeg,43,39,50,44
1177,01661.jpeg,31,20,29,27
1178,01662.jpeg,40,37,49,42
1179,01664.jpeg,67,51,50,56
1180,01665.jpeg,70,65,55,64
1181,01666.jpeg,71,69,74,72
1182,01667.jpeg,2,2,2,2
1183,01668.jpeg,1,4,3,3
1184,01669.jpeg,89,82,80,84
1185,01670.jpeg,83,73,78,78
1186,01671.jpeg,28,55,38,41
1187,01672.jpeg,81,70,71,74
1188,01673.jpeg,30,16,36,28
1189,01674.jpeg,40,65,60,55
1190,01675.jpeg,87,79,79,82
1191,01676.jpeg,79,87,70,79
1192,01677.jpeg,75,69,50,65
1193,01678.jpeg,76,79,78,78
1194,01679.jpeg,69,67,50,62
1195,01680.jpeg,69,68,59,66
1196,01684.jpeg,87,85,92,88
1197,01685.jpeg,89,85,80,85
1198,01686.jpeg,88,85,87,87
1199,01687.jpeg,22,17,20,20
1200,01688.jpeg,58,53,61,58
1201,01689.jpeg,77,93,79,83
1202,01690.jpeg,70,75,63,70
1203,01691.jpeg,76,70,65,71
1204,01692.jpeg,75,67,80,74
1205,01693.jpeg,76,80,63,73
1206,01694.jpeg,12,8,8,10
1207,01695.jpeg,16,15,25,19
1208,01696.jpeg,81,78,79,80
1209,01697.jpeg,84,77,88,83
1210,01698.jpeg,83,77,88,83
1211,01699.jpeg,74,62,79,72
1212,01700.jpeg,80,70,79,77
1213,01701.jpeg,55,55,66,59
1214,01702.jpeg,53,57,55,55
1215,01703.jpeg,54,49,68,57
1216,01704.jpeg,62,64,64,64
1217,01705.jpeg,59,64,64,63
1218,01708.jpeg,68,67,65,67
1219,01709.jpeg,70,67,65,68
1220,01710.jpeg,72,70,69,71
1221,01711.jpeg,62,45,59,56
1222,01712.jpeg,80,76,82,80
1223,01713.jpeg,17,20,40,26
1224,01714.jpeg,36,33,49,40
1225,01715.jpeg,37,40,38,39
1226,01716.jpeg,37,43,41,41
1227,01717.jpeg,43,43,68,52
1228,01718.jpeg,38,50,25,38
1229,01719.jpeg,37,50,25,38
1230,01720.jpeg,37,45,27,37
1231,01721.jpeg,32,36,20,30
1232,01722.jpeg,78,76,80,78
1233,01723.jpeg,1,2,2,2
1234,01724.jpeg,67,65,58,64
1235,01725.jpeg,64,65,56,62
1236,01726.jpeg,85,85,89,87
1237,01727.jpeg,81,80,78,80
1238,01728.jpeg,79,68,71,73
1239,01729.jpeg,79,66,71,72
1240,01730.jpeg,78,75,79,78
1241,01731.jpeg,70,60,66,66
1242,01732.jpeg,39,17,20,26
1243,01733.jpeg,79,56,74,70
1244,01734.jpeg,45,37,44,42
1245,01735.jpeg,50,48,47,49
1246,01736.jpeg,65,53,65,61
1247,01737.jpeg,47,30,39,39
1248,01738.jpeg,54,63,59,59
1249,01739.jpeg,50,61,50,54
1250,01740.jpeg,59,70,69,66
1251,01741.jpeg,55,58,40,51
1252,01742.jpeg,46,59,43,50
1253,01743.jpeg,78,73,85,79
1254,01753.jpeg,73,67,52,64
1255,01754.jpeg,67,57,52,59
1256,01755.jpeg,74,62,55,64
1257,01756.jpeg,55,45,41,47
1258,01757.jpeg,68,80,55,68
1259,01758.jpeg,68,80,55,68
1260,01759.jpeg,70,76,65,71
1261,01760.jpeg,74,77,68,73
1262,01761.jpeg,87,83,83,85
1263,01762.jpeg,83,83,80,82
1264,01763.jpeg,63,78,72,71
1265,01764.jpeg,58,64,62,62
1266,01765.jpeg,58,67,65,64
1267,01766.jpeg,63,64,75,68
1268,01767.jpeg,56,57,59,58
1269,01768.jpeg,79,72,71,74
1270,01769.jpeg,83,82,87,84
1271,01770.jpeg,70,78,73,74
1272,01771.jpeg,60,70,60,64
1273,01772.jpeg,53,65,52,57
1274,01773.jpeg,48,45,30,41
1275,01774.jpeg,73,64,77,72
1276,01775.jpeg,3,2,2,3
1277,01776.jpeg,52,74,75,67
1278,01777.jpeg,64,70,78,71
1279,01778.jpeg,17,11,8,12
1280,01787.jpeg,23,20,15,20
1281,01797.jpeg,36,50,39,42
1282,01807.jpeg,13,10,15,13
1283,01808.jpeg,55,52,60,56
1284,01809.jpeg,58,35,45,46
1285,01810.jpeg,24,21,25,24
1286,01811.jpeg,69,70,72,71
1287,01812.jpeg,52,50,41,48
1288,01813.jpeg,53,54,50,53
1289,01814.jpeg,64,63,55,61
1290,01815.jpeg,43,45,37,42
1291,01816.jpeg,33,22,15,24
1292,01817.jpeg,47,45,47,47
1293,01818.jpeg,25,8,28,21
1294,01819.jpeg,46,29,39,38
1295,01820.jpeg,54,45,41,47
1296,01821.jpeg,49,48,40,46
1297,01822.jpeg,65,70,70,69
1298,01823.jpeg,79,79,78,79
1299,01824.jpeg,59,67,65,64
1300,01825.jpeg,57,52,61,57
1301,01826.jpeg,57,58,78,65
1302,01827.jpeg,77,61,78,72
1303,01828.jpeg,55,50,65,57
1304,01829.jpeg,20,17,8,15
1305,01830.jpeg,75,65,79,73
1306,01831.jpeg,68,57,43,56
1307,01832.jpeg,58,67,71,66
1308,01833.jpeg,59,67,51,59
1309,01834.jpeg,81,78,79,80
1310,01835.jpeg,80,78,78,79
1311,01836.jpeg,85,88,80,85
1312,01837.jpeg,63,78,82,75
1313,01838.jpeg,80,80,80,80
1314,01847.jpeg,2,2,2,2
1315,01859.jpeg,63,52,75,64
1316,01861.jpeg,60,70,73,68
1317,01862.jpeg,29,30,30,30
1318,01864.jpeg,54,71,72,66
1319,01865.jpeg,65,58,50,58
1320,01866.jpeg,65,65,55,62
1321,01868.jpeg,16,14,22,18
1322,01869.jpeg,24,22,33,27
1323,01870.jpeg,33,48,45,42
1324,01871.jpeg,79,70,82,77
1325,01872.jpeg,78,77,78,78
1326,01873.jpeg,78,77,78,78
1327,01884.jpeg,83,84,85,84
1328,01886.jpeg,84,76,78,80
1329,01887.jpeg,58,55,73,62
1330,01888.jpeg,58,55,76,63
1331,01889.jpeg,55,50,49,52
1332,01890.jpeg,55,60,51,56
1333,01891.jpeg,78,78,75,77
1334,01892.jpeg,76,67,72,72
1335,01893.jpeg,75,73,76,75
1336,01894.jpeg,79,83,76,80
1337,01895.jpeg,64,69,60,65
1338,01898.jpeg,79,85,86,84
1339,01899.jpeg,80,80,85,82
1340,01900.jpeg,37,36,38,37
1341,01901.jpeg,74,78,54,69
1342,01902.jpeg,76,75,74,75
1343,01903.jpeg,80,83,78,81
1344,01904.jpeg,16,30,9,19
1345,01906.jpeg,16,28,12,19
1346,01907.jpeg,11,13,13,13
1347,01910.jpeg,66,72,73,71
1348,01911.jpeg,60,65,71,66
1349,01912.jpeg,45,46,35,42
1350,01913.jpeg,33,20,19,24
1351,01914.jpeg,50,35,42,43
1352,01915.jpeg,51,35,30,39
1353,01916.jpeg,44,43,50,46
1354,01917.jpeg,82,85,79,82
1355,01918.jpeg,80,83,79,81
1356,01919.jpeg,57,48,58,55
1357,01920.jpeg,50,30,45,42
1358,01921.jpeg,77,63,83,75
1359,01922.jpeg,79,63,80,74
1360,01923.jpeg,82,78,78,80
1361,01925.jpeg,70,60,76,69
1362,01926.jpeg,68,73,78,73
1363,01927.jpeg,59,52,60,57
1364,01928.jpeg,52,42,46,47
1365,01930.jpeg,30,8,30,23
1366,01931.jpeg,3,4,4,4
1367,01932.jpeg,70,80,84,78
1368,01933.jpeg,89,88,90,89
1369,01934.jpeg,68,73,77,73
1370,01935.jpeg,47,50,46,48
1371,01937.jpeg,27,24,23,25
1372,01938.jpeg,57,47,59,55
1373,01940.jpeg,87,85,86,86
1374,01941.jpeg,83,77,83,81
1375,01942.jpeg,6,2,1,3
1376,01943.jpeg,75,60,69,68
1377,01944.jpeg,84,79,89,84
1378,01945.jpeg,76,67,60,68
1379,01946.jpeg,76,67,60,68
1380,01947.jpeg,80,78,85,81
1381,01948.jpeg,78,78,78,78
1382,01949.jpeg,81,76,73,77
1383,01950.jpeg,63,49,58,57
1384,01951.jpeg,64,58,61,61
1385,01952.jpeg,77,77,68,74
1386,01953.jpeg,80,77,69,76
1387,01954.jpeg,54,52,70,59
1388,01955.jpeg,55,48,60,55
1389,01956.jpeg,59,74,60,65
1390,01957.jpeg,58,64,50,58
1391,01960.jpeg,53,68,50,57
1392,01961.jpeg,49,51,55,52
1393,01962.jpeg,57,53,77,63
1394,01963.jpeg,77,65,78,74
1395,01964.jpeg,77,79,70,76
1396,01965.jpeg,77,79,68,75
1397,01966.jpeg,84,87,85,86
1398,01968.jpeg,60,65,59,62
1399,01969.jpeg,80,79,87,82
1400,01970.jpeg,78,73,78,77
1401,01971.jpeg,79,97,88,88
1402,01972.jpeg,80,84,81,82
1403,01973.jpeg,55,45,62,54
1404,01974.jpeg,57,52,55,55
1405,01975.jpeg,54,51,71,59
1406,01976.jpeg,47,29,47,41
1407,01977.jpeg,10,20,16,16
1408,01978.jpeg,40,35,48,41
1409,01979.jpeg,55,48,37,47
1410,01981.jpeg,1,1,1,1
1411,01982.jpeg,1,1,1,1
1412,01983.jpeg,56,53,43,51
1413,01984.jpeg,55,58,40,51
1414,01985.jpeg,22,28,8,20
1415,01986.jpeg,70,68,68,69
1416,01987.jpeg,71,62,78,71
1417,01989.jpeg,46,45,28,40
1418,01990.jpeg,27,31,22,27
1419,01991.jpeg,44,27,23,32
1420,01993.jpeg,42,34,28,35
1421,01994.jpeg,80,99,98,93
1422,01995.jpeg,80,84,79,81
1423,01996.jpeg,72,80,60,71
1424,01997.jpeg,70,65,60,65
1425,02000.jpeg,79,78,79,79
1426,02001.jpeg,82,82,84,83
1427,02002.jpeg,82,82,85,83
1428,02003.jpeg,80,76,78,78
1429,02004.jpeg,78,76,80,78
1430,02005.jpeg,61,55,51,56
1431,02006.jpeg,44,28,31,35
1432,02007.jpeg,73,65,53,64
1433,02008.jpeg,78,74,79,77
1434,02009.jpeg,80,78,81,80
1435,02010.jpeg,82,85,88,85
1436,02011.jpeg,85,87,90,88
1437,02012.jpeg,14,12,20,16
1438,02014.jpeg,40,46,62,50
1439,02015.jpeg,80,60,79,73
1440,02016.jpeg,52,47,48,49
1441,02017.jpeg,56,50,75,61
1442,02018.jpeg,81,70,83,78
1443,02019.jpeg,82,70,85,79
1444,02020.jpeg,82,90,87,87
1445,02021.jpeg,79,95,72,82
1446,02022.jpeg,12,10,12,12
1447,02023.jpeg,68,78,70,72
1448,02024.jpeg,66,68,63,66
1449,02025.jpeg,67,79,60,69
1450,02026.jpeg,65,65,59,63
1451,02027.jpeg,53,55,52,54
1452,02031.jpeg,70,68,71,70
1453,02032.jpeg,70,68,71,70
1454,02033.jpeg,67,62,45,58
1455,02034.jpeg,66,80,66,71
1456,02035.jpeg,66,78,65,70
1457,02036.jpeg,78,82,80,80
1458,02037.jpeg,81,81,89,84
1459,02038.jpeg,68,70,57,65
1460,02039.jpeg,30,22,14,22
1461,02041.jpeg,65,87,69,74
1462,02042.jpeg,82,84,80,82
1463,02043.jpeg,84,80,79,81
1464,02044.jpeg,80,85,80,82
1465,02045.jpeg,87,85,79,84
1466,02046.jpeg,77,82,79,80
1467,02047.jpeg,79,78,75,78
1468,02048.jpeg,72,77,60,70
1469,02049.jpeg,56,34,33,41
1470,02050.jpeg,70,69,78,73
1471,02051.jpeg,82,77,82,81
1472,02052.jpeg,88,80,86,85
1473,02053.jpeg,86,85,79,84
1474,02054.jpeg,86,87,79,84
1475,02055.jpeg,81,80,77,80
1476,02056.jpeg,68,57,79,68
1477,02057.jpeg,69,86,85,80
1478,02058.jpeg,85,94,80,87
1479,02059.jpeg,79,83,80,81
1480,02063.jpeg,76,77,60,71
1481,02064.jpeg,76,70,78,75
1482,02066.jpeg,80,90,89,87
1483,02067.jpeg,79,87,86,84
1484,02068.jpeg,10,12,19,14
1485,02069.jpeg,58,48,58,55
1486,02070.jpeg,85,87,78,84
1487,02071.jpeg,84,85,76,82
1488,02072.jpeg,72,76,73,74
1489,02073.jpeg,73,84,78,79
1490,02074.jpeg,77,86,80,81
1491,02075.jpeg,78,86,80,82
1492,02077.jpeg,53,36,48,46
1493,02078.jpeg,59,59,51,57
1494,02079.jpeg,68,62,65,65
1495,02080.jpeg,67,62,60,63
1496,02081.jpeg,72,75,70,73
1497,02082.jpeg,88,80,88,86
1498,02083.jpeg,88,78,88,85
1499,02085.jpeg,19,25,28,24
1500,02086.jpeg,82,83,88,85
1501,02089.jpeg,80,80,78,80
1502,02094.jpeg,79,74,78,77
1503,02095.jpeg,30,28,25,28
1504,02096.jpeg,42,20,30,31
1505,02097.jpeg,82,88,82,84
1506,02098.jpeg,49,34,30,38
1507,02099.jpeg,30,11,19,20
1508,02100.jpeg,67,68,70,69
1509,02101.jpeg,73,55,64,64
1510,02102.jpeg,62,50,70,61
1511,02103.jpeg,79,78,78,79
1512,02104.jpeg,70,65,67,68
1513,02106.jpeg,58,35,50,48
1514,02107.jpeg,62,58,71,64
1515,02108.jpeg,63,58,71,64
1516,02110.jpeg,41,27,45,38
1517,02111.jpeg,31,17,25,25
1518,02112.jpeg,36,25,45,36
1519,02113.jpeg,65,73,69,69
1520,02114.jpeg,52,52,40,48
1521,02115.jpeg,66,60,60,62
1522,02117.jpeg,50,47,32,43
1523,02118.jpeg,56,59,45,54
1524,02119.jpeg,56,40,49,49
1525,02121.jpeg,72,69,59,67
1526,02122.jpeg,68,59,48,59
1527,02123.jpeg,46,26,28,34
1528,02124.jpeg,48,37,27,38
1529,02125.jpeg,4,3,2,3
1530,02127.jpeg,79,85,69,78
1531,02128.jpeg,71,67,66,68
1532,02129.jpeg,78,75,61,72
1533,02130.jpeg,74,75,61,70
1534,02132.jpeg,73,72,58,68
1535,02133.jpeg,70,72,58,67
1536,02134.jpeg,83,86,85,85
1537,02135.jpeg,80,77,78,79
1538,02136.jpeg,87,90,87,88
1539,02137.jpeg,84,80,78,81
1540,02138.jpeg,68,58,51,59
1541,02139.jpeg,70,70,59,67
1542,02140.jpeg,69,57,48,58
1543,02141.jpeg,69,57,53,60
1544,02142.jpeg,87,90,92,90
1545,02143.jpeg,85,90,90,89
1546,02144.jpeg,73,80,76,77
1547,02145.jpeg,73,80,74,76
1548,02146.jpeg,84,82,78,82
1549,02147.jpeg,72,60,60,64
1550,02148.jpeg,80,79,81,80
1551,02149.jpeg,83,80,81,82
1552,02150.jpeg,5,4,6,5
1553,02151.jpeg,6,25,10,14
1554,02152.jpeg,80,79,82,81
1555,02153.jpeg,79,75,77,77
1556,02156.jpeg,12,6,8,9
1557,02157.jpeg,11,9,26,16
1558,02158.jpeg,11,11,10,11
1559,02159.jpeg,23,30,34,29
1560,02160.jpeg,64,58,68,64
1561,02161.jpeg,55,58,72,62
1562,02162.jpeg,67,65,55,63
1563,02163.jpeg,49,28,41,40
1564,02164.jpeg,15,12,12,13
1565,02165.jpeg,66,58,75,67
1566,02166.jpeg,65,58,71,65
1567,02167.jpeg,76,70,71,73
1568,02168.jpeg,69,63,60,64
1569,02169.jpeg,2,3,2,3
1570,02170.jpeg,32,38,40,37
1571,02171.jpeg,79,74,69,74
1572,02175.jpeg,79,74,70,75
1573,02176.jpeg,76,78,60,72
1574,02177.jpeg,78,67,75,74
1575,02178.jpeg,79,82,85,82
1576,02179.jpeg,82,79,80,81
1577,02180.jpeg,80,81,65,76
1578,02181.jpeg,79,81,70,77
1579,02183.jpeg,74,76,70,74
1580,02184.jpeg,80,79,76,79
1581,02185.jpeg,70,52,72,65
1582,02186.jpeg,70,52,70,64
1583,02187.jpeg,72,73,70,72
1584,02188.jpeg,72,74,70,72
1585,02189.jpeg,37,40,33,37
1586,02190.jpeg,41,35,50,42
1587,02191.jpeg,71,59,63,65
1588,02192.jpeg,71,59,60,64
1589,02193.jpeg,68,57,46,57
1590,02194.jpeg,67,56,60,61
1591,02195.jpeg,75,71,70,72
1592,02196.jpeg,50,50,50,50
1593,02197.jpeg,88,84,79,84
1594,02198.jpeg,73,65,48,62
1595,02199.jpeg,13,7,18,13
1596,02201.jpeg,87,80,80,83
1597,02202.jpeg,84,80,81,82
1598,02203.jpeg,90,90,85,89
1599,02204.jpeg,91,90,88,90
1600,02205.jpeg,77,65,55,66
1601,02206.jpeg,65,50,53,56
1602,02207.jpeg,69,55,57,61
1603,02208.jpeg,68,50,57,59
1604,02209.jpeg,70,64,72,69
1605,02210.jpeg,64,47,42,51
1606,02211.jpeg,55,48,49,51
1607,02213.jpeg,40,30,22,31
1608,02214.jpeg,82,81,79,81
1609,02215.jpeg,83,78,79,80
1610,02217.jpeg,57,35,36,43
1611,02218.jpeg,10,4,10,8
1612,02219.jpeg,2,2,2,2
1613,02220.jpeg,19,13,22,18
1614,02221.jpeg,68,45,50,55
1615,02222.jpeg,68,55,51,58
1616,02223.jpeg,69,55,48,58
1617,02224.jpeg,82,76,75,78
1618,02225.jpeg,78,71,64,71
1619,02226.jpeg,78,71,65,72
1620,02227.jpeg,81,88,79,83
1621,02228.jpeg,81,82,79,81
1622,02229.jpeg,69,50,47,56
1623,02230.jpeg,45,40,42,43
1624,02231.jpeg,83,72,77,78
1625,02232.jpeg,51,50,38,47
1626,02233.jpeg,74,75,83,78
1627,02234.jpeg,80,75,86,81
1628,02235.jpeg,66,65,67,66
1629,02237.jpeg,83,72,77,78
1630,02249.jpeg,31,20,12,21
1631,02269.jpeg,44,20,21,29
1632,02282.jpeg,57,38,48,48
1633,02283.jpeg,62,38,52,51
1634,02285.jpeg,42,13,38,31
1635,02290.jpeg,51,50,59,54
1636,02291.jpeg,78,72,68,73
1637,02292.jpeg,58,67,61,62
1638,02293.jpeg,36,20,40,32
1639,02294.jpeg,30,24,30,28
1640,02295.jpeg,53,51,66,57
1641,02296.jpeg,35,51,40,42
1642,02297.jpeg,35,51,40,42
1643,02299.jpeg,77,75,72,75
1644,02301.jpeg,80,78,84,81
1645,02302.jpeg,81,80,80,81
1646,02303.jpeg,70,60,50,60
1647,02304.jpeg,68,60,50,60
1648,02305.jpeg,74,70,78,74
1649,02306.jpeg,60,40,43,48
1650,02307.jpeg,1,2,2,2
1651,02308.jpeg,41,53,58,51
1652,02309.jpeg,27,30,44,34
1653,02310.jpeg,32,23,30,29
1654,02311.jpeg,33,12,12,19
1655,02312.jpeg,54,50,52,52
1656,02313.jpeg,73,71,64,70
1657,02314.jpeg,67,60,56,61
1658,02315.jpeg,65,68,55,63
1659,02316.jpeg,83,78,79,80
1660,02317.jpeg,82,79,79,80
1661,02318.jpeg,80,77,78,79
1662,02319.jpeg,78,77,78,78
1663,02320.jpeg,83,82,80,82
1664,02321.jpeg,84,82,80,82
1665,02322.jpeg,81,76,75,78
1666,02323.jpeg,32,17,11,20
1667,02324.jpeg,52,49,60,54
1668,02325.jpeg,2,3,2,3
1669,02326.jpeg,9,30,14,18
1670,02327.jpeg,9,28,14,17
1671,02328.jpeg,1,1,1,1
1672,02329.jpeg,60,58,55,58
1673,02330.jpeg,59,68,50,59
1674,02331.jpeg,57,69,60,62
1675,02332.jpeg,52,55,49,52
1676,02333.jpeg,50,34,48,44
1677,02334.jpeg,80,75,84,80
1678,02335.jpeg,82,75,84,81
1679,02336.jpeg,80,80,73,78
1680,02337.jpeg,74,73,61,70
1681,02338.jpeg,69,53,45,56
1682,02339.jpeg,56,50,50,52
1683,02340.jpeg,1,8,8,6
1684,02342.jpeg,1,8,8,6
1685,02343.jpeg,50,30,44,42
1686,02344.jpeg,50,30,47,43
1687,02345.jpeg,80,84,85,83
1688,02346.jpeg,78,76,83,79
1689,02347.jpeg,52,40,36,43
1690,02358.jpeg,57,55,54,56
1691,02368.jpeg,79,71,80,77
1692,02369.jpeg,81,78,82,81
1693,02371.jpeg,81,80,85,82
1694,02372.jpeg,81,82,87,84
1695,02373.jpeg,81,78,87,82
1696,02374.jpeg,10,14,6,10
1697,02375.jpeg,66,76,56,66
1698,02376.jpeg,65,79,56,67
1699,02378.jpeg,47,40,27,38
1700,02382.jpeg,32,19,25,26
1701,02387.jpeg,81,77,71,77
1702,02389.jpeg,34,30,30,32
1703,02390.jpeg,80,64,77,74
1704,02391.jpeg,55,48,61,55
1705,02392.jpeg,42,40,16,33
1706,02393.jpeg,69,54,70,65
1707,02394.jpeg,69,57,65,64
1708,02395.jpeg,79,78,63,74
1709,02396.jpeg,79,75,70,75
1710,02397.jpeg,80,81,71,78
1711,02398.jpeg,82,81,71,78
1712,02399.jpeg,70,55,55,60
1713,02400.jpeg,63,46,50,53
1714,02404.jpeg,60,68,58,62
1715,02405.jpeg,51,60,54,55
1716,02406.jpeg,50,37,39,42
1717,02407.jpeg,51,45,42,46
1718,02408.jpeg,85,84,85,85
1719,02420.jpeg,66,73,60,67
1720,02421.jpeg,70,76,55,67
1721,02427.jpeg,74,95,70,80
1722,02428.jpeg,74,98,68,80
1723,02429.jpeg,71,78,68,73
1724,02431.jpeg,69,75,72,72
1725,02433.jpeg,75,93,76,82
1726,02434.jpeg,9,6,6,7
1727,02435.jpeg,5,11,7,8
1728,02436.jpeg,50,55,58,55
1729,02437.jpeg,44,45,58,49
1730,02438.jpeg,70,60,78,70
1731,02439.jpeg,46,30,49,42
1732,02440.jpeg,61,52,53,56
1733,02441.jpeg,60,50,53,55
1734,02442.jpeg,79,72,64,72
1735,02443.jpeg,73,72,64,70
1736,02444.jpeg,40,34,33,36
1737,02445.jpeg,42,43,32,39
1738,02446.jpeg,84,82,79,82
1739,02447.jpeg,80,82,79,81
1740,02448.jpeg,77,70,58,69
1741,02449.jpeg,72,71,78,74
1742,02450.jpeg,11,3,7,7
1743,02451.jpeg,7,3,2,4
1744,02452.jpeg,70,69,70,70
1745,02453.jpeg,81,86,80,83
1746,02454.jpeg,81,84,78,81
1747,02455.jpeg,72,75,69,72
1748,02456.jpeg,16,10,8,12
1749,02459.jpeg,80,80,85,82
1750,02460.jpeg,71,63,79,71
1751,02461.jpeg,13,14,6,11
1752,02463.jpeg,7,5,2,5
1753,02464.jpeg,40,30,38,36
1754,02465.jpeg,20,28,13,21
1755,02466.jpeg,65,62,70,66
1756,02467.jpeg,66,75,77,73
1757,02468.jpeg,45,48,25,40
1758,02469.jpeg,47,48,26,41
1759,02470.jpeg,59,65,69,65
1760,02471.jpeg,44,42,22,36
1761,02472.jpeg,1,1,1,1
1762,02473.jpeg,50,45,48,48
1763,02474.jpeg,47,45,49,47
1764,02475.jpeg,50,49,45,48
1765,02476.jpeg,48,38,40,42
1766,02477.jpeg,27,80,50,53
1767,02480.jpeg,52,70,61,61
1768,02481.jpeg,54,72,73,67
1769,02482.jpeg,83,85,79,83
1770,02483.jpeg,80,80,79,80
1771,02484.jpeg,79,80,78,79
1772,02485.jpeg,82,85,81,83
1773,02486.jpeg,77,76,72,75
1774,02487.jpeg,72,75,83,77
1775,02488.jpeg,72,78,85,79
1776,02489.jpeg,74,80,87,81
1777,02490.jpeg,54,65,58,59
1778,02491.jpeg,64,60,52,59
1779,02492.jpeg,69,63,77,70
1780,02493.jpeg,68,76,77,74
1781,02494.jpeg,75,78,77,77
1782,02495.jpeg,74,72,79,75
1783,02496.jpeg,75,80,81,79
1784,02497.jpeg,77,80,71,76
1785,02498.jpeg,77,67,75,73
1786,02499.jpeg,78,76,76,77
1787,02500.jpeg,76,73,70,73
1788,02503.jpeg,69,53,60,61
1789,02504.jpeg,68,58,60,62
1790,02505.jpeg,58,78,70,69
1791,02506.jpeg,56,69,65,64
1792,02507.jpeg,80,77,73,77
1793,02508.jpeg,78,75,76,77
1794,02509.jpeg,40,23,35,33
1795,02510.jpeg,70,63,70,68
1796,02511.jpeg,78,74,80,78
1797,02512.jpeg,86,85,79,84
1798,02513.jpeg,86,82,79,83
1799,02514.jpeg,53,57,47,53
1800,02515.jpeg,79,85,77,81
1801,02516.jpeg,86,78,81,82
1802,02517.jpeg,81,84,81,82
1803,02518.jpeg,18,16,19,18
1804,02519.jpeg,53,62,70,62
1805,02520.jpeg,82,81,80,81
1806,02522.jpeg,83,79,86,83
1807,02523.jpeg,84,78,81,81
1808,02524.jpeg,54,40,40,45
1809,02525.jpeg,80,82,73,79
1810,02526.jpeg,51,35,42,43
1811,02527.jpeg,50,36,47,45
1812,02528.jpeg,1,2,2,2
1813,02529.jpeg,6,6,7,7
1814,02531.jpeg,84,79,90,85
1815,02532.jpeg,84,82,84,84
1816,02533.jpeg,75,70,74,73
1817,02534.jpeg,79,75,75,77
1818,02535.jpeg,80,79,79,80
1819,02536.jpeg,64,56,39,53
1820,02537.jpeg,23,12,12,16
1821,02538.jpeg,81,70,68,73
1822,02539.jpeg,72,57,50,60
1823,02540.jpeg,73,52,59,62
1824,02543.jpeg,81,67,71,73
1825,02544.jpeg,69,68,70,69
1826,02545.jpeg,72,69,68,70
1827,02546.jpeg,76,69,71,72
1828,02547.jpeg,32,20,30,28
1829,02548.jpeg,70,62,60,64
1830,02549.jpeg,70,65,59,65
1831,02550.jpeg,70,60,59,63
1832,02551.jpeg,74,74,65,71
1833,02552.jpeg,74,80,78,78
1834,02553.jpeg,72,70,75,73
1835,02554.jpeg,72,77,75,75
1836,02555.jpeg,55,38,35,43
1837,02556.jpeg,65,75,70,70
1838,02557.jpeg,4,5,2,4
1839,02559.jpeg,6,8,6,7
1840,02560.jpeg,74,79,78,77
1841,02561.jpeg,71,74,69,72
1842,02562.jpeg,28,25,22,25
1843,02563.jpeg,67,76,76,73
1844,02564.jpeg,80,80,72,78
1845,02565.jpeg,83,83,70,79
1846,02566.jpeg,84,83,70,79
1847,02567.jpeg,81,88,72,81
1848,02568.jpeg,80,85,65,77
1849,02569.jpeg,78,65,62,69
1850,02570.jpeg,72,75,55,68
1851,02571.jpeg,81,79,71,77
1852,02572.jpeg,78,79,70,76
1853,02573.jpeg,42,22,28,31
1854,02574.jpeg,48,26,23,33
1855,02575.jpeg,88,93,82,88
1856,02576.jpeg,88,93,82,88
1857,02577.jpeg,80,84,79,81
1858,02578.jpeg,77,80,71,76
1859,02579.jpeg,63,70,63,66
1860,02580.jpeg,57,40,53,50
1861,02581.jpeg,1,1,1,1
1862,02582.jpeg,21,35,17,25
1863,02583.jpeg,80,80,70,77
1864,02584.jpeg,75,76,55,69
1865,02587.jpeg,77,66,65,70
1866,02588.jpeg,69,60,50,60
1867,02589.jpeg,78,75,80,78
1868,02590.jpeg,82,96,85,88
1869,02591.jpeg,83,93,82,86
1870,02592.jpeg,88,86,86,87
1871,02593.jpeg,80,79,78,79
1872,02594.jpeg,72,50,50,58
1873,02595.jpeg,80,75,75,77
1874,02597.jpeg,58,56,69,61
1875,02599.jpeg,45,52,55,51
1876,02600.jpeg,57,46,47,50
1877,02601.jpeg,52,43,34,43
1878,02602.jpeg,86,81,80,83
1879,02603.jpeg,80,80,80,80
1880,02604.jpeg,81,89,84,85
1881,02605.jpeg,54,38,30,41
1882,02606.jpeg,77,74,75,76
1883,02607.jpeg,60,55,45,54
1884,02608.jpeg,74,80,59,71
1885,02609.jpeg,74,70,51,65
1886,02610.jpeg,76,73,73,74
1887,02611.jpeg,72,73,71,72
1888,02612.jpeg,57,40,54,51
1889,02652.jpeg,75,90,74,80
1890,02656.jpeg,75,90,76,81
1891,02724.jpeg,74,73,78,75
1892,02743.jpeg,25,34,29,30
1893,02744.jpeg,44,45,63,51
1894,02745.jpeg,73,65,60,66
1895,02747.jpeg,1,1,1,1
1896,02748.jpeg,72,76,69,73
1897,02749.jpeg,72,76,65,71
1898,02750.jpeg,72,78,75,75
1899,02751.jpeg,70,70,55,65
1900,02752.jpeg,67,70,71,70
1901,02763.jpeg,50,34,29,38
1902,02829.jpeg,79,75,77,77
1903,02873.jpeg,7,4,4,5
1904,02909.jpeg,50,50,50,50
1905,03128.jpeg,48,48,48,48
1906,03178.jpeg,50,50,50,50
1907,03189.jpeg,77,80,77,78
1908,03285.jpeg,70,70,70,70
1909,03322.jpeg,68,60,68,66
1910,03355.jpeg,30,20,10,20
1911,03361.jpeg,29,26,29,28
1912,03424.jpeg,61,68,63,64
1913,03595.jpeg,85,85,85,85
1914,03745.jpeg,41,40,43,42
1915,03836.jpeg,5,25,12,14
1916,03869.jpeg,88,92,92,91
1917,03873.jpeg,21,21,21,21
1918,04121.jpeg,12,30,13,19
1919,04157.jpeg,19,20,20,20
1920,04228.jpeg,54,60,56,57
1921,04245.jpeg,72,69,69,70
1922,04366.jpeg,53,50,54,53
1923,04416.jpeg,11,4,6,7
1924,04507.jpeg,40,55,60,52
1925,04518.jpeg,70,60,50,60
1926,04658.jpeg,62,50,48,54
1927,04718.jpeg,60,63,61,62
1928,04738.jpeg,50,28,27,35
1929,04741.jpeg,83,80,80,81
1930,04758.jpeg,43,35,43,41
1931,04840.jpeg,50,68,50,56
1932,04843.jpeg,23,16,10,17
1933,04884.jpeg,67,55,56,60
1934,05106.jpeg,40,35,35,37
1935,05166.jpeg,36,40,33,37
1936,05191.jpeg,55,57,69,61
1937,05226.jpeg,44,50,29,41
1938,05239.jpeg,6,8,6,7
1939,05299.jpeg,30,30,35,32
1940,05470.jpeg,50,45,43,46
1941,05496.jpeg,53,55,50,53
1942,05592.jpeg,58,45,57,54
1943,05636.jpeg,77,76,78,77
1944,05880.jpeg,70,74,71,72
1945,05915.jpeg,54,40,37,44
1946,06584.jpeg,28,15,8,17
1947,08804.jpeg,94,88,86,90
1948,08808.jpeg,78,76,80,78
1949,08812.jpeg,83,77,79,80
1950,08820.jpeg,20,19,28,23
1951,08821.jpeg,47,25,34,36
1952,08830.jpeg,26,30,28,28
1953,08838.jpeg,11,10,15,12
1954,08839.jpeg,98,95,85,93
1955,08843.jpeg,99,92,92,95
1956,08852.jpeg,43,43,41,43
1957,08857.jpeg,44,45,42,44
1958,08858.jpeg,43,43,43,43
1959,08861.jpeg,80,75,73,76
1960,08868.jpeg,18,13,13,15
1961,08869.jpeg,57,40,36,45
1962,08914.jpeg,57,60,43,54
1963,08920.jpeg,69,76,79,75
1964,08933.jpeg,27,30,30,29
1965,08936.jpeg,25,30,30,29
1966,08952.jpeg,50,35,26,37
1967,08958.jpeg,79,54,58,64
1968,09007.jpeg,10,15,15,14
1969,09008.jpeg,9,15,15,13
1970,09010.jpeg,99,96,90,95
1971,09050.jpeg,13,10,15,13
1972,09060.jpeg,89,80,85,85
1973,09174.jpeg,17,20,29,22
1974,09212.jpeg,70,70,50,64
1975,09239.jpeg,82,80,84,82
1976,09241.jpeg,8,8,12,10
1977,09245.jpeg,10,10,15,12
1978,09256.jpeg,35,30,35,34
1979,09316.jpeg,55,48,56,53
1980,09320.jpeg,53,40,50,48
1981,09328.jpeg,17,20,15,18
1982,09330.jpeg,79,66,76,74
1983,09402.jpeg,76,58,57,64
1984,09406.jpeg,14,14,14,14
1985,09444.jpeg,99,93,87,93
1986,09463.jpeg,14,18,19,17
1987,09495.jpeg,13,13,15,14
1988,09510.jpeg,98,90,92,94
1989,09537.jpeg,10,10,14,12
1990,09549.jpeg,40,25,28,31
1991,09559.jpeg,35,36,25,32
1992,09573.jpeg,99,94,92,95
1993,09578.jpeg,55,54,34,48
1994,09625.jpeg,87,78,90,85
1995,09644.jpeg,97,86,84,89
1996,09651.jpeg,74,61,55,64
1997,09652.jpeg,69,47,45,54
1998,09681.jpeg,24,16,28,23
1999,09691.jpeg,20,26,29,25
2000,09699.jpeg,96,98,99,98
2001,09700.jpeg,62,40,59,54
2002,09707.jpeg,99,90,90,93
2003,09711.jpeg,14,12,15,14
2004,09714.jpeg,70,62,69,67
2005,09715.jpeg,70,64,61,65
2006,09719.jpeg,15,24,35,25
2007,09731.jpeg,99,88,87,92
2008,09742.jpeg,13,16,15,15
2009,09750.jpeg,7,7,7,7
2010,09752.jpeg,19,35,27,27
2011,09759.jpeg,64,45,58,56
2012,09784.jpeg,19,13,19,17
2013,09788.jpeg,16,13,15,15
2014,09806.jpeg,39,30,30,33
2015,09808.jpeg,82,74,76,78
2016,09827.jpeg,65,70,79,72
2017,09840.jpeg,90,95,92,93
2018,09845.jpeg,10,19,20,17
2019,09855.jpeg,40,24,34,33
2020,09860.jpeg,43,35,31,37
2021,09863.jpeg,56,34,38,43
2022,09887.jpeg,25,19,14,20
2023,09890.jpeg,23,11,21,19
2024,09900.jpeg,39,45,40,42
2025,09903.jpeg,25,4,18,16
2026,09914.jpeg,70,58,53,61
2027,09930.jpeg,87,84,79,84
2028,09951.jpeg,81,76,70,76
2029,09958.jpeg,90,90,82,88
2030,09972.jpeg,29,52,28,37
2031,09975.jpeg,27,40,39,36
2032,09986.jpeg,60,76,55,64
2033,09991.jpeg,28,10,20,20
2034,10007.jpeg,98,99,90,96
2035,10026.jpeg,98,93,80,91
2036,10029.jpeg,79,87,82,83
2037,10033.jpeg,88,85,80,85
2038,10049.jpeg,77,63,60,67
2039,10051.jpeg,72,63,62,66
2040,10069.jpeg,40,18,25,28
2041,10083.jpeg,83,78,78,80
2042,10090.jpeg,71,68,58,66
2043,10126.jpeg,49,55,43,49
2044,10130.jpeg,89,89,85,88
2045,10143.jpeg,23,3,27,18
2046,10145.jpeg,29,45,48,41
2047,10156.jpeg,83,85,80,83
2048,10170.jpeg,83,87,89,87
2049,10196.jpeg,91,84,84,87
2050,10199.jpeg,10,8,11,10
2051,10216.jpeg,75,64,72,71
2052,10225.jpeg,94,99,90,95
2053,10258.jpeg,97,93,81,91
2054,10267.jpeg,80,74,77,77
2055,10290.jpeg,83,82,80,82
2056,10295.jpeg,67,62,56,62
2057,10324.jpeg,90,99,85,92
2058,10328.jpeg,90,99,88,93
2059,10337.jpeg,87,83,79,83
2060,10371.jpeg,8,3,9,7
2061,10372.jpeg,60,75,74,70
2062,10396.jpeg,14,13,15,14
2063,10404.jpeg,62,65,62,63
2064,10408.jpeg,96,99,90,95
2065,10415.jpeg,76,65,79,74
2066,10419.jpeg,8,9,12,10
2067,10425.jpeg,74,70,77,74
2068,03716.jpeg,29,42,20,31
2069,03718.jpeg,30,21,12,21
2070,03723.jpeg,57,52,53,54
2071,03727.jpeg,53,42,39,45
2072,03750.jpeg,63,68,70,67
2073,03756.jpeg,90,75,80,82
2074,03764.jpeg,58,73,77,70
2075,03776.jpeg,50,80,67,66
2076,03779.jpeg,65,66,63,65
2077,03792.jpeg,44,46,55,49
2078,03794.jpeg,48,54,63,55
2079,03812.jpeg,24,29,40,31
2080,03821.jpeg,48,71,52,57
2081,03830.jpeg,47,42,48,46
2082,03849.jpeg,88,94,77,87
2083,03863.jpeg,20,25,41,29
2084,03890.jpeg,80,87,73,80
2085,03949.jpeg,67,85,71,75
2086,03995.jpeg,50,52,58,54
2087,04132.jpeg,54,57,59,57
2088,04180.jpeg,1,1,2,2
2089,04239.jpeg,85,82,84,84
2090,04264.jpeg,44,53,65,54
2091,04305.jpeg,53,73,74,67
2092,04448.jpeg,80,59,77,72
2093,04525.jpeg,83,84,81,83
2094,04563.jpeg,45,61,70,59
2095,04597.jpeg,19,17,12,16
2096,04599.jpeg,20,18,15,18
2097,04627.jpeg,58,67,77,68
2098,04645.jpeg,45,51,50,49
2099,04750.jpeg,45,73,69,63
2100,04772.jpeg,64,93,82,80
2101,04790.jpeg,47,49,49,49
2102,04825.jpeg,77,65,75,73
2103,04856.jpeg,55,40,43,46
2104,04877.jpeg,79,79,82,80
2105,04979.jpeg,59,45,41,49
2106,05002.jpeg,15,36,25,26
2107,05007.jpeg,50,76,75,67
2108,05065.jpeg,50,50,57,53
2109,05090.jpeg,82,72,80,78
2110,05123.jpeg,43,56,56,52
2111,05132.jpeg,50,62,65,59
2112,05148.jpeg,40,75,76,64
2113,05162.jpeg,23,20,10,18
2114,05164.jpeg,51,45,52,50
2115,05192.jpeg,50,49,59,53
2116,05251.jpeg,16,52,35,35
2117,05266.jpeg,63,53,68,62
2118,05293.jpeg,75,67,55,66
2119,05300.jpeg,4,6,4,5
2120,05415.jpeg,81,79,85,82
2121,05417.jpeg,61,69,78,70
2122,05430.jpeg,55,56,53,55
2123,05466.jpeg,55,61,50,56
2124,05471.jpeg,70,79,70,73
2125,05474.jpeg,48,28,42,40
2126,05502.jpeg,45,65,53,55
2127,05520.jpeg,41,72,67,60
2128,05523.jpeg,55,57,62,58
2129,05553.jpeg,72,74,73,73
2130,05564.jpeg,79,95,78,84
2131,05577.jpeg,1,10,2,5
2132,05578.jpeg,70,61,63,65
2133,05596.jpeg,90,81,86,86
2134,05618.jpeg,65,73,63,67
2135,05624.jpeg,64,76,78,73
2136,05661.jpeg,80,68,79,76
2137,05675.jpeg,21,3,6,10
2138,05721.jpeg,84,85,77,82
2139,05728.jpeg,69,82,76,76
2140,05796.jpeg,78,64,71,71
2141,05802.jpeg,83,84,80,83
2142,05809.jpeg,75,75,67,73
2143,05830.jpeg,74,78,78,77
2144,05837.jpeg,71,70,75,72
2145,05844.jpeg,17,17,30,22
2146,05856.jpeg,76,44,59,60
2147,05862.jpeg,67,54,46,56
2148,05925.jpeg,61,59,59,60
2149,05976.jpeg,52,69,30,51
2150,05980.jpeg,81,69,78,76
2151,05982.jpeg,59,31,57,49
2152,06018.jpeg,92,80,83,85
2153,06043.jpeg,53,28,39,40
2154,06097.jpeg,91,81,83,85
2155,06136.jpeg,50,72,73,65
2156,06174.jpeg,60,75,65,67
2157,06181.jpeg,79,81,79,80
2158,06183.jpeg,82,78,80,80
2159,06211.jpeg,69,67,58,65
2160,06233.jpeg,80,77,74,77
2161,06246.jpeg,82,83,71,79
2162,06249.jpeg,82,82,70,78
2163,06323.jpeg,2,2,2,2
2164,06352.jpeg,7,20,5,11
2165,06385.jpeg,95,79,84,86
2166,06387.jpeg,73,60,52,62
2167,06436.jpeg,78,63,76,73
2168,06456.jpeg,81,85,78,82
2169,06481.jpeg,79,69,73,74
2170,06485.jpeg,52,43,48,48
2171,06509.jpeg,84,86,84,85
2172,06520.jpeg,78,76,72,76
2173,06565.jpeg,78,72,65,72
2174,06655.jpeg,77,78,77,78
2175,06658.jpeg,66,54,61,61
2176,06659.jpeg,67,59,64,64
2177,06710.jpeg,75,70,78,75
2178,06736.jpeg,74,51,50,59
2179,06739.jpeg,69,56,57,61
2180,06741.jpeg,72,61,67,67
2181,06774.jpeg,77,68,70,72
2182,06777.jpeg,79,72,71,74
2183,06831.jpeg,78,68,75,74
2184,06837.jpeg,80,89,78,83
2185,06897.jpeg,80,73,75,76
2186,06916.jpeg,80,77,78,79
2187,06927.jpeg,87,84,85,86
2188,06929.jpeg,85,76,77,80
2189,06960.jpeg,70,63,67,67
2190,06962.jpeg,65,55,68,63
2191,07055.jpeg,66,74,78,73
2192,07074.jpeg,57,69,74,67
2193,07084.jpeg,51,40,60,51
2194,07142.jpeg,50,48,68,56
2195,07215.jpeg,85,80,79,82
2196,07217.jpeg,60,69,65,65
2197,07223.jpeg,60,81,74,72
2198,07226.jpeg,53,67,59,60
2199,07244.jpeg,80,78,73,77
2200,07268.jpeg,54,54,52,54
2201,07381.jpeg,50,48,48,49
2202,07398.jpeg,80,70,73,75
2203,07406.jpeg,77,83,77,79
2204,07422.jpeg,1,1,1,1
2205,07428.jpeg,3,7,3,5
2206,07434.jpeg,74,76,76,76
2207,07474.jpeg,83,89,87,87
2208,07477.jpeg,65,46,68,60
2209,07539.jpeg,60,53,63,59
2210,07574.jpeg,67,47,48,54
2211,07594.jpeg,60,59,79,66
2212,07609.jpeg,68,69,55,64
2213,07636.jpeg,55,79,50,62
2214,07711.jpeg,64,88,75,76
2215,07828.jpeg,81,84,80,82
2216,07891.jpeg,10,10,14,12
2217,07915.jpeg,70,79,81,77
2218,07929.jpeg,72,83,80,79
2219,07953.jpeg,69,90,79,80
2220,08063.jpeg,49,76,60,62
2221,08084.jpeg,81,80,79,80
2222,08094.jpeg,77,83,69,77
2223,08116.jpeg,89,79,84,84
2224,09441.jpeg,99,97,90,96
2225,09445.jpeg,95,93,87,92
2226,09453.jpeg,88,87,84,87
2227,09456.jpeg,13,11,6,10
2228,09491.jpeg,99,98,90,96
2229,09499.jpeg,99,99,96,98
2230,09506.jpeg,99,99,92,97
2231,09535.jpeg,99,99,94,98
2232,09565.jpeg,83,82,78,81
2233,09585.jpeg,84,81,81,82
2234,09610.jpeg,60,57,61,60
2235,09621.jpeg,99,93,89,94
2236,09622.jpeg,99,90,85,92
2237,09626.jpeg,85,79,78,81
2238,09645.jpeg,80,70,65,72
2239,09649.jpeg,73,52,66,64
2240,09670.jpeg,99,95,89,95
2241,09686.jpeg,86,83,71,80
2242,09730.jpeg,99,92,85,92
2243,09746.jpeg,90,94,92,92
2244,09798.jpeg,90,95,92,93
2245,09804.jpeg,84,72,78,78
