Column1,file_name,opinion_score,level
0,00000.jpeg,62,1
1,00001.jpeg,35,0
2,00002.jpeg,37,2
3,00003.jpeg,43,2
4,00004.jpeg,24,2
5,00005.jpeg,-1,-1
6,00006.jpeg,-1,-1
7,00007.jpeg,-1,-1
8,00016.jpeg,-1,-1
9,00026.jpeg,-1,-1
10,00046.jpeg,-1,-1
11,00047.jpeg,-1,-1
12,00048.jpeg,-1,-1
13,00049.jpeg,-1,-1
14,00056.jpeg,-1,-1
15,00057.jpeg,-1,-1
16,00058.jpeg,-1,-1
17,00059.jpeg,-1,-1
18,00060.jpeg,-1,-1
19,00073.jpeg,-1,-1
20,00074.jpeg,-1,-1
21,00077.jpeg,-1,-1
22,00082.jpeg,-1,-1
23,00084.jpeg,-1,-1
24,00085.jpeg,-1,-1
25,00086.jpeg,-1,-1
26,00087.jpeg,-1,-1
27,00089.jpeg,-1,-1
28,00090.jpeg,-1,-1
29,00096.jpeg,-1,-1
30,00097.jpeg,-1,-1
31,00098.jpeg,-1,-1
32,00099.jpeg,-1,-1
33,00100.jpeg,-1,-1
34,00101.jpeg,-1,-1
35,00102.jpeg,-1,-1
36,00103.jpeg,-1,-1
37,00104.jpeg,-1,-1
38,00105.jpeg,-1,-1
39,00106.jpeg,-1,-1
40,00107.jpeg,-1,-1
41,00110.jpeg,-1,-1
42,00111.jpeg,-1,-1
43,00112.jpeg,-1,-1
44,00113.jpeg,-1,-1
45,00114.jpeg,-1,-1
46,00115.jpeg,-1,-1
47,00116.jpeg,-1,-1
48,00117.jpeg,-1,-1
49,00118.jpeg,-1,-1
50,00119.jpeg,-1,-1
51,00120.jpeg,-1,-1
52,00121.jpeg,-1,-1
53,00122.jpeg,-1,-1
54,00127.jpeg,-1,-1
55,00131.jpeg,-1,-1
56,00132.jpeg,-1,-1
57,00133.jpeg,-1,-1
58,00134.jpeg,-1,-1
59,00135.jpeg,-1,-1
60,00139.jpeg,-1,-1
61,00140.jpeg,-1,-1
62,00147.jpeg,-1,-1
63,00148.jpeg,-1,-1
64,00155.jpeg,-1,-1
65,00156.jpeg,-1,-1
66,00157.jpeg,-1,-1
67,00158.jpeg,-1,-1
68,00165.jpeg,-1,-1
69,00166.jpeg,-1,-1
70,00167.jpeg,-1,-1
71,00168.jpeg,-1,-1
72,00169.jpeg,-1,-1
73,00200.jpeg,-1,-1
74,00201.jpeg,-1,-1
75,00202.jpeg,-1,-1
76,00203.jpeg,-1,-1
77,00204.jpeg,-1,-1
78,00205.jpeg,-1,-1
79,00206.jpeg,-1,-1
80,00207.jpeg,-1,-1
81,00208.jpeg,-1,-1
82,00209.jpeg,-1,-1
83,00210.jpeg,-1,-1
84,00211.jpeg,-1,-1
85,00213.jpeg,-1,-1
86,00214.jpeg,-1,-1
87,00215.jpeg,-1,-1
88,00216.jpeg,-1,-1
89,00217.jpeg,-1,-1
90,00218.jpeg,-1,-1
91,00219.jpeg,-1,-1
92,00231.jpeg,-1,-1
93,00232.jpeg,-1,-1
94,00233.jpeg,-1,-1
95,00234.jpeg,-1,-1
96,00235.jpeg,-1,-1
97,00236.jpeg,-1,-1
98,00245.jpeg,-1,-1
99,00247.jpeg,-1,-1
100,00248.jpeg,-1,-1
101,00249.jpeg,-1,-1
102,00250.jpeg,-1,-1
103,00257.jpeg,-1,-1
104,00258.jpeg,-1,-1
105,00259.jpeg,-1,-1
106,00260.jpeg,-1,-1
107,00261.jpeg,-1,-1
108,00267.jpeg,-1,-1
109,00268.jpeg,-1,-1
110,00269.jpeg,-1,-1
111,00270.jpeg,-1,-1
112,00273.jpeg,-1,-1
113,00274.jpeg,-1,-1
114,00275.jpeg,-1,-1
115,00276.jpeg,-1,-1
116,00277.jpeg,-1,-1
117,00278.jpeg,-1,-1
118,00281.jpeg,-1,-1
119,00282.jpeg,-1,-1
120,00283.jpeg,-1,-1
121,00284.jpeg,-1,-1
122,00285.jpeg,-1,-1
123,00286.jpeg,-1,-1
124,00287.jpeg,-1,-1
125,00288.jpeg,-1,-1
126,00289.jpeg,-1,-1
127,00290.jpeg,-1,-1
128,00291.jpeg,-1,-1
129,00292.jpeg,-1,-1
130,00293.jpeg,-1,-1
131,00294.jpeg,-1,-1
132,00295.jpeg,-1,-1
133,00296.jpeg,-1,-1
134,00297.jpeg,-1,-1
135,00298.jpeg,-1,-1
136,00299.jpeg,-1,-1
137,00300.jpeg,-1,-1
138,00301.jpeg,-1,-1
139,00302.jpeg,-1,-1
140,00303.jpeg,-1,-1
141,00304.jpeg,-1,-1
142,00305.jpeg,-1,-1
143,00306.jpeg,-1,-1
144,00307.jpeg,-1,-1
145,00308.jpeg,-1,-1
146,00309.jpeg,-1,-1
147,00310.jpeg,-1,-1
148,00311.jpeg,-1,-1
149,00323.jpeg,-1,-1
150,00324.jpeg,-1,-1
151,00325.jpeg,-1,-1
152,00326.jpeg,-1,-1
153,00327.jpeg,-1,-1
154,00328.jpeg,-1,-1
155,00329.jpeg,-1,-1
156,00330.jpeg,-1,-1
157,00331.jpeg,-1,-1
158,00338.jpeg,-1,-1
159,00345.jpeg,-1,-1
160,00346.jpeg,-1,-1
161,00347.jpeg,-1,-1
162,00348.jpeg,-1,-1
163,00349.jpeg,-1,-1
164,00350.jpeg,-1,-1
165,00351.jpeg,-1,-1
166,00352.jpeg,-1,-1
167,00353.jpeg,-1,-1
168,00356.jpeg,-1,-1
169,00357.jpeg,-1,-1
170,00358.jpeg,-1,-1
171,00359.jpeg,-1,-1
172,00361.jpeg,-1,-1
173,00362.jpeg,-1,-1
174,00363.jpeg,-1,-1
175,00364.jpeg,-1,-1
176,00365.jpeg,-1,-1
177,00366.jpeg,-1,-1
178,00367.jpeg,-1,-1
179,00370.jpeg,-1,-1
180,00371.jpeg,-1,-1
181,00372.jpeg,-1,-1
182,00373.jpeg,-1,-1
183,00374.jpeg,-1,-1
184,00375.jpeg,-1,-1
185,00376.jpeg,-1,-1
186,00377.jpeg,-1,-1
187,00378.jpeg,-1,-1
188,00379.jpeg,-1,-1
189,00380.jpeg,-1,-1
190,00381.jpeg,-1,-1
191,00387.jpeg,-1,-1
192,00389.jpeg,-1,-1
193,00390.jpeg,-1,-1
194,00391.jpeg,-1,-1
195,00392.jpeg,-1,-1
196,00393.jpeg,-1,-1
197,00394.jpeg,-1,-1
198,00395.jpeg,-1,-1
199,00396.jpeg,-1,-1
200,00397.jpeg,-1,-1
201,00398.jpeg,-1,-1
202,00399.jpeg,-1,-1
203,00400.jpeg,-1,-1
204,00401.jpeg,-1,-1
205,00402.jpeg,-1,-1
206,00403.jpeg,-1,-1
207,00404.jpeg,-1,-1
208,00405.jpeg,-1,-1
209,00406.jpeg,-1,-1
210,00407.jpeg,-1,-1
211,00408.jpeg,-1,-1
212,00409.jpeg,-1,-1
213,00410.jpeg,-1,-1
214,00411.jpeg,-1,-1
215,00412.jpeg,-1,-1
216,00413.jpeg,-1,-1
217,00414.jpeg,-1,-1
218,00415.jpeg,-1,-1
219,00416.jpeg,-1,-1
220,00418.jpeg,-1,-1
221,00419.jpeg,-1,-1
222,00420.jpeg,-1,-1
223,00421.jpeg,-1,-1
224,00422.jpeg,-1,-1
225,00423.jpeg,-1,-1
226,00424.jpeg,-1,-1
227,00425.jpeg,-1,-1
228,00426.jpeg,-1,-1
229,00427.jpeg,-1,-1
230,00428.jpeg,-1,-1
231,00429.jpeg,-1,-1
232,00430.jpeg,-1,-1
233,00432.jpeg,-1,-1
234,00433.jpeg,-1,-1
235,00434.jpeg,-1,-1
236,00435.jpeg,-1,-1
237,00436.jpeg,-1,-1
238,00437.jpeg,-1,-1
239,00438.jpeg,-1,-1
240,00439.jpeg,-1,-1
241,00440.jpeg,-1,-1
242,00441.jpeg,-1,-1
243,00442.jpeg,-1,-1
244,00443.jpeg,-1,-1
245,00444.jpeg,-1,-1
246,00446.jpeg,-1,-1
247,00447.jpeg,-1,-1
248,00448.jpeg,-1,-1
249,00449.jpeg,-1,-1
250,00450.jpeg,-1,-1
251,00451.jpeg,-1,-1
252,00452.jpeg,-1,-1
253,00453.jpeg,-1,-1
254,00454.jpeg,-1,-1
255,00455.jpeg,-1,-1
256,00456.jpeg,-1,-1
257,00457.jpeg,-1,-1
258,00458.jpeg,-1,-1
259,00459.jpeg,-1,-1
260,00460.jpeg,-1,-1
261,00461.jpeg,-1,-1
262,00462.jpeg,-1,-1
263,00463.jpeg,-1,-1
264,00464.jpeg,-1,-1
265,00465.jpeg,-1,-1
266,00466.jpeg,-1,-1
267,00467.jpeg,-1,-1
268,00471.jpeg,-1,-1
269,00472.jpeg,-1,-1
270,00473.jpeg,-1,-1
271,00474.jpeg,-1,-1
272,00475.jpeg,-1,-1
273,00482.jpeg,-1,-1
274,00493.jpeg,-1,-1
275,00494.jpeg,-1,-1
276,00496.jpeg,-1,-1
277,00497.jpeg,-1,-1
278,00498.jpeg,-1,-1
279,00499.jpeg,-1,-1
280,00500.jpeg,-1,-1
281,00501.jpeg,-1,-1
282,00502.jpeg,-1,-1
283,00504.jpeg,-1,-1
284,00505.jpeg,-1,-1
285,00509.jpeg,-1,-1
286,00510.jpeg,-1,-1
287,00511.jpeg,-1,-1
288,00512.jpeg,-1,-1
289,00513.jpeg,-1,-1
290,00514.jpeg,-1,-1
291,00515.jpeg,-1,-1
292,00516.jpeg,-1,-1
293,00517.jpeg,-1,-1
294,00518.jpeg,-1,-1
295,00519.jpeg,-1,-1
296,00520.jpeg,-1,-1
297,00521.jpeg,-1,-1
298,00522.jpeg,-1,-1
299,00523.jpeg,-1,-1
300,00524.jpeg,-1,-1
301,00525.jpeg,-1,-1
302,00526.jpeg,-1,-1
303,00527.jpeg,-1,-1
304,00528.jpeg,-1,-1
305,00529.jpeg,-1,-1
306,00530.jpeg,-1,-1
307,00533.jpeg,-1,-1
308,00534.jpeg,-1,-1
309,00536.jpeg,-1,-1
310,00538.jpeg,-1,-1
311,00539.jpeg,-1,-1
312,00540.jpeg,-1,-1
313,00544.jpeg,-1,-1
314,00548.jpeg,-1,-1
315,00549.jpeg,-1,-1
316,00550.jpeg,-1,-1
317,00551.jpeg,-1,-1
318,00552.jpeg,-1,-1
319,00553.jpeg,-1,-1
320,00554.jpeg,-1,-1
321,00555.jpeg,-1,-1
322,00558.jpeg,-1,-1
323,00559.jpeg,-1,-1
324,00560.jpeg,-1,-1
325,00561.jpeg,-1,-1
326,00562.jpeg,-1,-1
327,00563.jpeg,-1,-1
328,00564.jpeg,-1,-1
329,00569.jpeg,-1,-1
330,00570.jpeg,-1,-1
331,00571.jpeg,-1,-1
332,00572.jpeg,-1,-1
333,00573.jpeg,-1,-1
334,00575.jpeg,-1,-1
335,00576.jpeg,-1,-1
336,00577.jpeg,-1,-1
337,00578.jpeg,-1,-1
338,00579.jpeg,-1,-1
339,00580.jpeg,-1,-1
340,00582.jpeg,-1,-1
341,00583.jpeg,-1,-1
342,00584.jpeg,-1,-1
343,00585.jpeg,-1,-1
344,00586.jpeg,-1,-1
345,00587.jpeg,-1,-1
346,00588.jpeg,-1,-1
347,00589.jpeg,-1,-1
348,00591.jpeg,-1,-1
349,00596.jpeg,-1,-1
350,00598.jpeg,-1,-1
351,00601.jpeg,-1,-1
352,00604.jpeg,-1,-1
353,00605.jpeg,-1,-1
354,00606.jpeg,-1,-1
355,00607.jpeg,-1,-1
356,00608.jpeg,-1,-1
357,00609.jpeg,-1,-1
358,00610.jpeg,-1,-1
359,00611.jpeg,-1,-1
360,00612.jpeg,-1,-1
361,00613.jpeg,-1,-1
362,00614.jpeg,-1,-1
363,00615.jpeg,-1,-1
364,00616.jpeg,-1,-1
365,00617.jpeg,-1,-1
366,00618.jpeg,-1,-1
367,00621.jpeg,-1,-1
368,00622.jpeg,-1,-1
369,00623.jpeg,-1,-1
370,00624.jpeg,-1,-1
371,00625.jpeg,-1,-1
372,00626.jpeg,-1,-1
373,00627.jpeg,-1,-1
374,00631.jpeg,-1,-1
375,00632.jpeg,-1,-1
376,00633.jpeg,-1,-1
377,00634.jpeg,-1,-1
378,00638.jpeg,-1,-1
379,00639.jpeg,-1,-1
380,00640.jpeg,-1,-1
381,00641.jpeg,-1,-1
382,00642.jpeg,-1,-1
383,00643.jpeg,-1,-1
384,00644.jpeg,-1,-1
385,00645.jpeg,-1,-1
386,00646.jpeg,-1,-1
387,00647.jpeg,-1,-1
388,00648.jpeg,-1,-1
389,00649.jpeg,-1,-1
390,00650.jpeg,-1,-1
391,00651.jpeg,-1,-1
392,00652.jpeg,-1,-1
393,00653.jpeg,-1,-1
394,00654.jpeg,-1,-1
395,00655.jpeg,-1,-1
396,00656.jpeg,-1,-1
397,00658.jpeg,-1,-1
398,00662.jpeg,-1,-1
399,00663.jpeg,-1,-1
400,00665.jpeg,-1,-1
401,00667.jpeg,-1,-1
402,00668.jpeg,-1,-1
403,00669.jpeg,-1,-1
404,00670.jpeg,-1,-1
405,00671.jpeg,-1,-1
406,00672.jpeg,-1,-1
407,00673.jpeg,-1,-1
408,00674.jpeg,-1,-1
409,00675.jpeg,-1,-1
410,00676.jpeg,-1,-1
411,00677.jpeg,-1,-1
412,00678.jpeg,-1,-1
413,00683.jpeg,-1,-1
414,00684.jpeg,-1,-1
415,00685.jpeg,-1,-1
416,00686.jpeg,-1,-1
417,00687.jpeg,-1,-1
418,00688.jpeg,-1,-1
419,00691.jpeg,-1,-1
420,00693.jpeg,-1,-1
421,00696.jpeg,-1,-1
422,00697.jpeg,-1,-1
423,00698.jpeg,-1,-1
424,00699.jpeg,-1,-1
425,00700.jpeg,-1,-1
426,00701.jpeg,-1,-1
427,00702.jpeg,-1,-1
428,00703.jpeg,-1,-1
429,00704.jpeg,-1,-1
430,00705.jpeg,-1,-1
431,00706.jpeg,-1,-1
432,00707.jpeg,-1,-1
433,00708.jpeg,-1,-1
434,00709.jpeg,-1,-1
435,00710.jpeg,-1,-1
436,00711.jpeg,-1,-1
437,00713.jpeg,-1,-1
438,00714.jpeg,-1,-1
439,00715.jpeg,-1,-1
440,00716.jpeg,-1,-1
441,00717.jpeg,-1,-1
442,00718.jpeg,-1,-1
443,00719.jpeg,-1,-1
444,00720.jpeg,-1,-1
445,00721.jpeg,-1,-1
446,00722.jpeg,-1,-1
447,00723.jpeg,-1,-1
448,00724.jpeg,-1,-1
449,00725.jpeg,-1,-1
450,00726.jpeg,-1,-1
451,00727.jpeg,-1,-1
452,00728.jpeg,-1,-1
453,00729.jpeg,-1,-1
454,00730.jpeg,-1,-1
455,00731.jpeg,-1,-1
456,00732.jpeg,-1,-1
457,00733.jpeg,-1,-1
458,00734.jpeg,-1,-1
459,00735.jpeg,-1,-1
460,00736.jpeg,-1,-1
461,00737.jpeg,-1,-1
462,00738.jpeg,-1,-1
463,00739.jpeg,-1,-1
464,00740.jpeg,-1,-1
465,00741.jpeg,-1,-1
466,00742.jpeg,-1,-1
467,00743.jpeg,-1,-1
468,00744.jpeg,-1,-1
469,00745.jpeg,-1,-1
470,00746.jpeg,-1,-1
471,00747.jpeg,-1,-1
472,00750.jpeg,-1,-1
473,00751.jpeg,-1,-1
474,00752.jpeg,-1,-1
475,00753.jpeg,-1,-1
476,00754.jpeg,-1,-1
477,00755.jpeg,-1,-1
478,00756.jpeg,-1,-1
479,00757.jpeg,-1,-1
480,00758.jpeg,-1,-1
481,00759.jpeg,-1,-1
482,00760.jpeg,-1,-1
483,00761.jpeg,-1,-1
484,00762.jpeg,-1,-1
485,00763.jpeg,-1,-1
486,00764.jpeg,-1,-1
487,00765.jpeg,-1,-1
488,00766.jpeg,-1,-1
489,00767.jpeg,-1,-1
490,00768.jpeg,-1,-1
491,00769.jpeg,-1,-1
492,00770.jpeg,-1,-1
493,00771.jpeg,-1,-1
494,00772.jpeg,-1,-1
495,00773.jpeg,-1,-1
496,00774.jpeg,-1,-1
497,00775.jpeg,-1,-1
498,00776.jpeg,-1,-1
499,00779.jpeg,-1,-1
500,00780.jpeg,-1,-1
501,00781.jpeg,-1,-1
502,00782.jpeg,-1,-1
503,00783.jpeg,-1,-1
504,00784.jpeg,-1,-1
505,00785.jpeg,-1,-1
506,00786.jpeg,-1,-1
507,00787.jpeg,-1,-1
508,00788.jpeg,-1,-1
509,00789.jpeg,-1,-1
510,00790.jpeg,-1,-1
511,00791.jpeg,-1,-1
512,00792.jpeg,-1,-1
513,00793.jpeg,-1,-1
514,00794.jpeg,-1,-1
515,00795.jpeg,-1,-1
516,00796.jpeg,-1,-1
517,00797.jpeg,-1,-1
518,00798.jpeg,-1,-1
519,00799.jpeg,-1,-1
520,00800.jpeg,-1,-1
521,00801.jpeg,-1,-1
522,00802.jpeg,-1,-1
523,00803.jpeg,-1,-1
524,00804.jpeg,-1,-1
525,00805.jpeg,-1,-1
526,00806.jpeg,-1,-1
527,00807.jpeg,-1,-1
528,00808.jpeg,-1,-1
529,00809.jpeg,-1,-1
530,00810.jpeg,-1,-1
531,00811.jpeg,-1,-1
532,00813.jpeg,-1,-1
533,00814.jpeg,-1,-1
534,00815.jpeg,-1,-1
535,00816.jpeg,-1,-1
536,00817.jpeg,-1,-1
537,00818.jpeg,-1,-1
538,00819.jpeg,-1,-1
539,00820.jpeg,-1,-1
540,00821.jpeg,-1,-1
541,00822.jpeg,-1,-1
542,00823.jpeg,-1,-1
543,00824.jpeg,-1,-1
544,00825.jpeg,-1,-1
545,00826.jpeg,-1,-1
546,00827.jpeg,-1,-1
547,00828.jpeg,-1,-1
548,00829.jpeg,-1,-1
549,00830.jpeg,-1,-1
550,00831.jpeg,-1,-1
551,00832.jpeg,-1,-1
552,00833.jpeg,-1,-1
553,00834.jpeg,-1,-1
554,00835.jpeg,-1,-1
555,00836.jpeg,-1,-1
556,00838.jpeg,-1,-1
557,00839.jpeg,-1,-1
558,00840.jpeg,-1,-1
559,00841.jpeg,-1,-1
560,00842.jpeg,-1,-1
561,00843.jpeg,-1,-1
562,00844.jpeg,-1,-1
563,00845.jpeg,-1,-1
564,00846.jpeg,-1,-1
565,00847.jpeg,-1,-1
566,00850.jpeg,-1,-1
567,00851.jpeg,-1,-1
568,00852.jpeg,-1,-1
569,00853.jpeg,-1,-1
570,00854.jpeg,-1,-1
571,00855.jpeg,-1,-1
572,00856.jpeg,-1,-1
573,00857.jpeg,-1,-1
574,00858.jpeg,-1,-1
575,00859.jpeg,-1,-1
576,00860.jpeg,-1,-1
577,00861.jpeg,-1,-1
578,00862.jpeg,-1,-1
579,00863.jpeg,-1,-1
580,00864.jpeg,-1,-1
581,00867.jpeg,-1,-1
582,00868.jpeg,-1,-1
583,00870.jpeg,-1,-1
584,00873.jpeg,-1,-1
585,00874.jpeg,-1,-1
586,00875.jpeg,-1,-1
587,00876.jpeg,-1,-1
588,00877.jpeg,-1,-1
589,00878.jpeg,-1,-1
590,00879.jpeg,-1,-1
591,00880.jpeg,-1,-1
592,00881.jpeg,-1,-1
593,00882.jpeg,-1,-1
594,00883.jpeg,-1,-1
595,00884.jpeg,-1,-1
596,00885.jpeg,-1,-1
597,00886.jpeg,-1,-1
598,00887.jpeg,-1,-1
599,00888.jpeg,-1,-1
600,00889.jpeg,-1,-1
601,00890.jpeg,-1,-1
602,00891.jpeg,-1,-1
603,00892.jpeg,-1,-1
604,00893.jpeg,-1,-1
605,00900.jpeg,-1,-1
606,00903.jpeg,-1,-1
607,00908.jpeg,-1,-1
608,00912.jpeg,-1,-1
609,00913.jpeg,-1,-1
610,00914.jpeg,-1,-1
611,00915.jpeg,-1,-1
612,00917.jpeg,-1,-1
613,00918.jpeg,-1,-1
614,00919.jpeg,-1,-1
615,00923.jpeg,-1,-1
616,00924.jpeg,-1,-1
617,00928.jpeg,-1,-1
618,00929.jpeg,-1,-1
619,00932.jpeg,-1,-1
620,00933.jpeg,-1,-1
621,00934.jpeg,-1,-1
622,00935.jpeg,-1,-1
623,00936.jpeg,-1,-1
624,00938.jpeg,-1,-1
625,00939.jpeg,-1,-1
626,00940.jpeg,-1,-1
627,00941.jpeg,-1,-1
628,00942.jpeg,-1,-1
629,00946.jpeg,-1,-1
630,00948.jpeg,-1,-1
631,00950.jpeg,-1,-1
632,00951.jpeg,-1,-1
633,00952.jpeg,-1,-1
634,00953.jpeg,-1,-1
635,00955.jpeg,-1,-1
636,00956.jpeg,-1,-1
637,00957.jpeg,-1,-1
638,00958.jpeg,-1,-1
639,00959.jpeg,-1,-1
640,00960.jpeg,-1,-1
641,00961.jpeg,-1,-1
642,00962.jpeg,-1,-1
643,00963.jpeg,-1,-1
644,00964.jpeg,-1,-1
645,00965.jpeg,-1,-1
646,00966.jpeg,-1,-1
647,00967.jpeg,-1,-1
648,00968.jpeg,-1,-1
649,00969.jpeg,-1,-1
650,00970.jpeg,-1,-1
651,00971.jpeg,-1,-1
652,00972.jpeg,-1,-1
653,00973.jpeg,-1,-1
654,00974.jpeg,-1,-1
655,00975.jpeg,-1,-1
656,00976.jpeg,-1,-1
657,00977.jpeg,-1,-1
658,00978.jpeg,-1,-1
659,00983.jpeg,-1,-1
660,00984.jpeg,-1,-1
661,00985.jpeg,-1,-1
662,00986.jpeg,-1,-1
663,00987.jpeg,-1,-1
664,00988.jpeg,-1,-1
665,00990.jpeg,-1,-1
666,00991.jpeg,-1,-1
667,00992.jpeg,-1,-1
668,00993.jpeg,-1,-1
669,00995.jpeg,-1,-1
670,00996.jpeg,-1,-1
671,00997.jpeg,-1,-1
672,00998.jpeg,-1,-1
673,00999.jpeg,-1,-1
674,01000.jpeg,-1,-1
675,01001.jpeg,-1,-1
676,01002.jpeg,-1,-1
677,01003.jpeg,-1,-1
678,01005.jpeg,-1,-1
679,01007.jpeg,-1,-1
680,01009.jpeg,-1,-1
681,01010.jpeg,-1,-1
682,01011.jpeg,-1,-1
683,01012.jpeg,-1,-1
684,01013.jpeg,-1,-1
685,01016.jpeg,-1,-1
686,01017.jpeg,-1,-1
687,01018.jpeg,-1,-1
688,01019.jpeg,-1,-1
689,01020.jpeg,-1,-1
690,01021.jpeg,-1,-1
691,01022.jpeg,-1,-1
692,01023.jpeg,-1,-1
693,01024.jpeg,-1,-1
694,01025.jpeg,-1,-1
695,01026.jpeg,-1,-1
696,01027.jpeg,-1,-1
697,01028.jpeg,-1,-1
698,01029.jpeg,-1,-1
699,01030.jpeg,-1,-1
700,01032.jpeg,-1,-1
701,01033.jpeg,-1,-1
702,01034.jpeg,-1,-1
703,01036.jpeg,-1,-1
704,01037.jpeg,-1,-1
705,01038.jpeg,-1,-1
706,01039.jpeg,-1,-1
707,01040.jpeg,-1,-1
708,01041.jpeg,-1,-1
709,01042.jpeg,-1,-1
710,01043.jpeg,-1,-1
711,01044.jpeg,-1,-1
712,01045.jpeg,-1,-1
713,01046.jpeg,-1,-1
714,01047.jpeg,-1,-1
715,01048.jpeg,-1,-1
716,01049.jpeg,-1,-1
717,01050.jpeg,-1,-1
718,01052.jpeg,-1,-1
719,01053.jpeg,-1,-1
720,01054.jpeg,-1,-1
721,01055.jpeg,-1,-1
722,01056.jpeg,-1,-1
723,01057.jpeg,-1,-1
724,01058.jpeg,-1,-1
725,01059.jpeg,-1,-1
726,01060.jpeg,-1,-1
727,01063.jpeg,-1,-1
728,01064.jpeg,-1,-1
729,01066.jpeg,-1,-1
730,01067.jpeg,-1,-1
731,01068.jpeg,-1,-1
732,01069.jpeg,-1,-1
733,01070.jpeg,-1,-1
734,01072.jpeg,-1,-1
735,01073.jpeg,-1,-1
736,01074.jpeg,-1,-1
737,01077.jpeg,-1,-1
738,01078.jpeg,-1,-1
739,01079.jpeg,-1,-1
740,01080.jpeg,-1,-1
741,01081.jpeg,-1,-1
742,01082.jpeg,-1,-1
743,01083.jpeg,-1,-1
744,01084.jpeg,-1,-1
745,01085.jpeg,-1,-1
746,01086.jpeg,-1,-1
747,01087.jpeg,-1,-1
748,01092.jpeg,-1,-1
749,01093.jpeg,-1,-1
750,01094.jpeg,-1,-1
751,01095.jpeg,-1,-1
752,01096.jpeg,-1,-1
753,01097.jpeg,-1,-1
754,01098.jpeg,-1,-1
755,01099.jpeg,-1,-1
756,01100.jpeg,-1,-1
757,01101.jpeg,-1,-1
758,01104.jpeg,-1,-1
759,01105.jpeg,-1,-1
760,01106.jpeg,-1,-1
761,01107.jpeg,-1,-1
762,01108.jpeg,-1,-1
763,01110.jpeg,-1,-1
764,01111.jpeg,-1,-1
765,01112.jpeg,-1,-1
766,01113.jpeg,-1,-1
767,01114.jpeg,-1,-1
768,01115.jpeg,-1,-1
769,01116.jpeg,-1,-1
770,01117.jpeg,-1,-1
771,01118.jpeg,-1,-1
772,01120.jpeg,-1,-1
773,01121.jpeg,-1,-1
774,01122.jpeg,-1,-1
775,01123.jpeg,-1,-1
776,01125.jpeg,-1,-1
777,01126.jpeg,-1,-1
778,01127.jpeg,-1,-1
779,01130.jpeg,-1,-1
780,01131.jpeg,-1,-1
781,01132.jpeg,-1,-1
782,01133.jpeg,-1,-1
783,01134.jpeg,-1,-1
784,01135.jpeg,-1,-1
785,01136.jpeg,-1,-1
786,01137.jpeg,-1,-1
787,01138.jpeg,-1,-1
788,01139.jpeg,-1,-1
789,01140.jpeg,-1,-1
790,01141.jpeg,-1,-1
791,01142.jpeg,-1,-1
792,01143.jpeg,-1,-1
793,01144.jpeg,-1,-1
794,01145.jpeg,-1,-1
795,01147.jpeg,-1,-1
796,01148.jpeg,-1,-1
797,01149.jpeg,-1,-1
798,01150.jpeg,-1,-1
799,01151.jpeg,-1,-1
800,01152.jpeg,-1,-1
801,01153.jpeg,-1,-1
802,01154.jpeg,-1,-1
803,01155.jpeg,-1,-1
804,01156.jpeg,-1,-1
805,01157.jpeg,-1,-1
806,01160.jpeg,-1,-1
807,01161.jpeg,-1,-1
808,01162.jpeg,-1,-1
809,01164.jpeg,-1,-1
810,01165.jpeg,-1,-1
811,01167.jpeg,-1,-1
812,01168.jpeg,-1,-1
813,01169.jpeg,-1,-1
814,01170.jpeg,-1,-1
815,01171.jpeg,-1,-1
816,01172.jpeg,-1,-1
817,01175.jpeg,-1,-1
818,01176.jpeg,-1,-1
819,01177.jpeg,-1,-1
820,01178.jpeg,-1,-1
821,01179.jpeg,-1,-1
822,01180.jpeg,-1,-1
823,01181.jpeg,-1,-1
824,01182.jpeg,-1,-1
825,01183.jpeg,-1,-1
826,01188.jpeg,-1,-1
827,01189.jpeg,-1,-1
828,01190.jpeg,-1,-1
829,01191.jpeg,-1,-1
830,01192.jpeg,-1,-1
831,01193.jpeg,-1,-1
832,01194.jpeg,-1,-1
833,01195.jpeg,-1,-1
834,01196.jpeg,-1,-1
835,01197.jpeg,-1,-1
836,01198.jpeg,-1,-1
837,01199.jpeg,-1,-1
838,01207.jpeg,-1,-1
839,01208.jpeg,-1,-1
840,01209.jpeg,-1,-1
841,01210.jpeg,-1,-1
842,01211.jpeg,-1,-1
843,01212.jpeg,-1,-1
844,01213.jpeg,-1,-1
845,01217.jpeg,-1,-1
846,01218.jpeg,-1,-1
847,01219.jpeg,-1,-1
848,01220.jpeg,-1,-1
849,01221.jpeg,-1,-1
850,01222.jpeg,-1,-1
851,01223.jpeg,-1,-1
852,01224.jpeg,-1,-1
853,01225.jpeg,-1,-1
854,01226.jpeg,-1,-1
855,01227.jpeg,-1,-1
856,01229.jpeg,-1,-1
857,01231.jpeg,-1,-1
858,01233.jpeg,-1,-1
859,01234.jpeg,-1,-1
860,01235.jpeg,-1,-1
861,01236.jpeg,-1,-1
862,01237.jpeg,-1,-1
863,01238.jpeg,-1,-1
864,01239.jpeg,-1,-1
865,01240.jpeg,-1,-1
866,01241.jpeg,-1,-1
867,01242.jpeg,-1,-1
868,01243.jpeg,-1,-1
869,01244.jpeg,-1,-1
870,01245.jpeg,-1,-1
871,01246.jpeg,-1,-1
872,01247.jpeg,-1,-1
873,01248.jpeg,-1,-1
874,01250.jpeg,-1,-1
875,01251.jpeg,-1,-1
876,01252.jpeg,-1,-1
877,01253.jpeg,-1,-1
878,01254.jpeg,-1,-1
879,01255.jpeg,-1,-1
880,01256.jpeg,-1,-1
881,01257.jpeg,-1,-1
882,01258.jpeg,-1,-1
883,01259.jpeg,-1,-1
884,01260.jpeg,-1,-1
885,01261.jpeg,-1,-1
886,01262.jpeg,-1,-1
887,01263.jpeg,-1,-1
888,01264.jpeg,-1,-1
889,01265.jpeg,-1,-1
890,01266.jpeg,-1,-1
891,01267.jpeg,-1,-1
892,01268.jpeg,-1,-1
893,01269.jpeg,-1,-1
894,01270.jpeg,-1,-1
895,01271.jpeg,-1,-1
896,01272.jpeg,-1,-1
897,01273.jpeg,-1,-1
898,01274.jpeg,-1,-1
899,01275.jpeg,-1,-1
900,01276.jpeg,-1,-1
901,01277.jpeg,-1,-1
902,01278.jpeg,-1,-1
903,01279.jpeg,-1,-1
904,01280.jpeg,-1,-1
905,01281.jpeg,-1,-1
906,01282.jpeg,-1,-1
907,01283.jpeg,-1,-1
908,01284.jpeg,-1,-1
909,01285.jpeg,-1,-1
910,01286.jpeg,-1,-1
911,01287.jpeg,-1,-1
912,01288.jpeg,-1,-1
913,01289.jpeg,-1,-1
914,01290.jpeg,-1,-1
915,01292.jpeg,-1,-1
916,01293.jpeg,-1,-1
917,01294.jpeg,-1,-1
918,01295.jpeg,-1,-1
919,01296.jpeg,-1,-1
920,01297.jpeg,-1,-1
921,01298.jpeg,-1,-1
922,01299.jpeg,-1,-1
923,01333.jpeg,-1,-1
924,01338.jpeg,-1,-1
925,01351.jpeg,-1,-1
926,01352.jpeg,-1,-1
927,01353.jpeg,-1,-1
928,01354.jpeg,-1,-1
929,01355.jpeg,-1,-1
930,01356.jpeg,-1,-1
931,01357.jpeg,-1,-1
932,01360.jpeg,-1,-1
933,01361.jpeg,-1,-1
934,01362.jpeg,-1,-1
935,01363.jpeg,-1,-1
936,01364.jpeg,-1,-1
937,01365.jpeg,-1,-1
938,01366.jpeg,-1,-1
939,01368.jpeg,-1,-1
940,01370.jpeg,-1,-1
941,01371.jpeg,-1,-1
942,01372.jpeg,-1,-1
943,01373.jpeg,-1,-1
944,01376.jpeg,-1,-1
945,01377.jpeg,-1,-1
946,01378.jpeg,-1,-1
947,01379.jpeg,-1,-1
948,01380.jpeg,-1,-1
949,01381.jpeg,-1,-1
950,01382.jpeg,-1,-1
951,01383.jpeg,-1,-1
952,01384.jpeg,-1,-1
953,01385.jpeg,-1,-1
954,01386.jpeg,-1,-1
955,01387.jpeg,-1,-1
956,01388.jpeg,-1,-1
957,01389.jpeg,-1,-1
958,01390.jpeg,-1,-1
959,01391.jpeg,-1,-1
960,01393.jpeg,-1,-1
961,01394.jpeg,-1,-1
962,01395.jpeg,-1,-1
963,01396.jpeg,-1,-1
964,01397.jpeg,-1,-1
965,01398.jpeg,-1,-1
966,01399.jpeg,-1,-1
967,01400.jpeg,-1,-1
968,01401.jpeg,-1,-1
969,01402.jpeg,-1,-1
970,01403.jpeg,-1,-1
971,01404.jpeg,-1,-1
972,01405.jpeg,-1,-1
973,01406.jpeg,-1,-1
974,01407.jpeg,-1,-1
975,01408.jpeg,-1,-1
976,01409.jpeg,-1,-1
977,01410.jpeg,-1,-1
978,01411.jpeg,-1,-1
979,01413.jpeg,-1,-1
980,01414.jpeg,-1,-1
981,01415.jpeg,-1,-1
982,01416.jpeg,-1,-1
983,01417.jpeg,-1,-1
984,01418.jpeg,-1,-1
985,01419.jpeg,-1,-1
986,01420.jpeg,-1,-1
987,01421.jpeg,-1,-1
988,01422.jpeg,-1,-1
989,01426.jpeg,-1,-1
990,01427.jpeg,-1,-1
991,01428.jpeg,-1,-1
992,01429.jpeg,-1,-1
993,01430.jpeg,-1,-1
994,01431.jpeg,-1,-1
995,01432.jpeg,-1,-1
996,01433.jpeg,-1,-1
997,01434.jpeg,-1,-1
998,01435.jpeg,-1,-1
999,01436.jpeg,-1,-1
1000,01437.jpeg,-1,-1
1001,01438.jpeg,-1,-1
1002,01439.jpeg,-1,-1
1003,01440.jpeg,-1,-1
1004,01444.jpeg,-1,-1
1005,01445.jpeg,-1,-1
1006,01446.jpeg,-1,-1
1007,01447.jpeg,-1,-1
1008,01448.jpeg,-1,-1
1009,01450.jpeg,-1,-1
1010,01451.jpeg,-1,-1
1011,01452.jpeg,-1,-1
1012,01453.jpeg,-1,-1
1013,01454.jpeg,-1,-1
1014,01455.jpeg,-1,-1
1015,01456.jpeg,-1,-1
1016,01457.jpeg,-1,-1
1017,01458.jpeg,-1,-1
1018,01461.jpeg,-1,-1
1019,01462.jpeg,-1,-1
1020,01463.jpeg,-1,-1
1021,01464.jpeg,-1,-1
1022,01465.jpeg,-1,-1
1023,01466.jpeg,-1,-1
1024,01467.jpeg,-1,-1
1025,01468.jpeg,-1,-1
1026,01469.jpeg,-1,-1
1027,01470.jpeg,-1,-1
1028,01471.jpeg,-1,-1
1029,01472.jpeg,-1,-1
1030,01473.jpeg,-1,-1
1031,01474.jpeg,-1,-1
1032,01475.jpeg,-1,-1
1033,01476.jpeg,-1,-1
1034,01477.jpeg,-1,-1
1035,01478.jpeg,-1,-1
1036,01479.jpeg,-1,-1
1037,01480.jpeg,-1,-1
1038,01481.jpeg,-1,-1
1039,01482.jpeg,-1,-1
1040,01483.jpeg,-1,-1
1041,01484.jpeg,-1,-1
1042,01485.jpeg,-1,-1
1043,01486.jpeg,-1,-1
1044,01487.jpeg,-1,-1
1045,01488.jpeg,-1,-1
1046,01489.jpeg,-1,-1
1047,01490.jpeg,-1,-1
1048,01491.jpeg,-1,-1
1049,01492.jpeg,-1,-1
1050,01493.jpeg,-1,-1
1051,01494.jpeg,-1,-1
1052,01495.jpeg,-1,-1
1053,01496.jpeg,-1,-1
1054,01497.jpeg,-1,-1
1055,01498.jpeg,-1,-1
1056,01501.jpeg,-1,-1
1057,01502.jpeg,-1,-1
1058,01504.jpeg,-1,-1
1059,01505.jpeg,-1,-1
1060,01506.jpeg,-1,-1
1061,01509.jpeg,-1,-1
1062,01510.jpeg,-1,-1
1063,01511.jpeg,-1,-1
1064,01512.jpeg,-1,-1
1065,01513.jpeg,-1,-1
1066,01514.jpeg,-1,-1
1067,01515.jpeg,-1,-1
1068,01517.jpeg,-1,-1
1069,01518.jpeg,-1,-1
1070,01519.jpeg,-1,-1
1071,01520.jpeg,-1,-1
1072,01521.jpeg,-1,-1
1073,01522.jpeg,-1,-1
1074,01523.jpeg,-1,-1
1075,01524.jpeg,-1,-1
1076,01525.jpeg,-1,-1
1077,01526.jpeg,-1,-1
1078,01529.jpeg,-1,-1
1079,01530.jpeg,-1,-1
1080,01531.jpeg,-1,-1
1081,01532.jpeg,-1,-1
1082,01533.jpeg,-1,-1
1083,01534.jpeg,-1,-1
1084,01535.jpeg,-1,-1
1085,01536.jpeg,-1,-1
1086,01539.jpeg,-1,-1
1087,01540.jpeg,-1,-1
1088,01541.jpeg,-1,-1
1089,01542.jpeg,-1,-1
1090,01543.jpeg,-1,-1
1091,01544.jpeg,-1,-1
1092,01545.jpeg,-1,-1
1093,01546.jpeg,-1,-1
1094,01547.jpeg,-1,-1
1095,01548.jpeg,-1,-1
1096,01549.jpeg,-1,-1
1097,01550.jpeg,-1,-1
1098,01551.jpeg,-1,-1
1099,01552.jpeg,-1,-1
1100,01553.jpeg,-1,-1
1101,01554.jpeg,-1,-1
1102,01555.jpeg,-1,-1
1103,01556.jpeg,-1,-1
1104,01557.jpeg,-1,-1
1105,01558.jpeg,-1,-1
1106,01559.jpeg,-1,-1
1107,01560.jpeg,-1,-1
1108,01561.jpeg,-1,-1
1109,01562.jpeg,-1,-1
1110,01563.jpeg,-1,-1
1111,01564.jpeg,-1,-1
1112,01565.jpeg,-1,-1
1113,01569.jpeg,-1,-1
1114,01570.jpeg,-1,-1
1115,01571.jpeg,-1,-1
1116,01573.jpeg,-1,-1
1117,01575.jpeg,-1,-1
1118,01576.jpeg,-1,-1
1119,01577.jpeg,-1,-1
1120,01580.jpeg,-1,-1
1121,01581.jpeg,-1,-1
1122,01582.jpeg,-1,-1
1123,01584.jpeg,-1,-1
1124,01585.jpeg,-1,-1
1125,01586.jpeg,-1,-1
1126,01587.jpeg,-1,-1
1127,01588.jpeg,-1,-1
1128,01589.jpeg,-1,-1
1129,01590.jpeg,-1,-1
1130,01591.jpeg,-1,-1
1131,01592.jpeg,-1,-1
1132,01593.jpeg,-1,-1
1133,01594.jpeg,-1,-1
1134,01595.jpeg,-1,-1
1135,01596.jpeg,-1,-1
1136,01599.jpeg,-1,-1
1137,01600.jpeg,-1,-1
1138,01601.jpeg,-1,-1
1139,01602.jpeg,-1,-1
1140,01603.jpeg,-1,-1
1141,01604.jpeg,-1,-1
1142,01605.jpeg,-1,-1
1143,01606.jpeg,-1,-1
1144,01607.jpeg,-1,-1
1145,01608.jpeg,-1,-1
1146,01609.jpeg,-1,-1
1147,01610.jpeg,-1,-1
1148,01611.jpeg,-1,-1
1149,01612.jpeg,-1,-1
1150,01613.jpeg,-1,-1
1151,01614.jpeg,-1,-1
1152,01620.jpeg,-1,-1
1153,01621.jpeg,-1,-1
1154,01622.jpeg,-1,-1
1155,01625.jpeg,-1,-1
1156,01626.jpeg,-1,-1
1157,01627.jpeg,-1,-1
1158,01630.jpeg,-1,-1
1159,01635.jpeg,-1,-1
1160,01636.jpeg,-1,-1
1161,01642.jpeg,-1,-1
1162,01643.jpeg,-1,-1
1163,01644.jpeg,-1,-1
1164,01645.jpeg,-1,-1
1165,01646.jpeg,-1,-1
1166,01647.jpeg,-1,-1
1167,01648.jpeg,-1,-1
1168,01649.jpeg,-1,-1
1169,01650.jpeg,-1,-1
1170,01653.jpeg,-1,-1
1171,01654.jpeg,-1,-1
1172,01655.jpeg,-1,-1
1173,01656.jpeg,-1,-1
1174,01657.jpeg,-1,-1
1175,01658.jpeg,-1,-1
1176,01660.jpeg,-1,-1
1177,01661.jpeg,-1,-1
1178,01662.jpeg,-1,-1
1179,01664.jpeg,-1,-1
1180,01665.jpeg,-1,-1
1181,01666.jpeg,-1,-1
1182,01667.jpeg,-1,-1
1183,01668.jpeg,-1,-1
1184,01669.jpeg,-1,-1
1185,01670.jpeg,-1,-1
1186,01671.jpeg,-1,-1
1187,01672.jpeg,-1,-1
1188,01673.jpeg,-1,-1
1189,01674.jpeg,-1,-1
1190,01675.jpeg,-1,-1
1191,01676.jpeg,-1,-1
1192,01677.jpeg,-1,-1
1193,01678.jpeg,-1,-1
1194,01679.jpeg,-1,-1
1195,01680.jpeg,-1,-1
1196,01684.jpeg,-1,-1
1197,01685.jpeg,-1,-1
1198,01686.jpeg,-1,-1
1199,01687.jpeg,-1,-1
1200,01688.jpeg,-1,-1
1201,01689.jpeg,-1,-1
1202,01690.jpeg,-1,-1
1203,01691.jpeg,-1,-1
1204,01692.jpeg,-1,-1
1205,01693.jpeg,-1,-1
1206,01694.jpeg,-1,-1
1207,01695.jpeg,-1,-1
1208,01696.jpeg,-1,-1
1209,01697.jpeg,-1,-1
1210,01698.jpeg,-1,-1
1211,01699.jpeg,-1,-1
1212,01700.jpeg,-1,-1
1213,01701.jpeg,-1,-1
1214,01702.jpeg,-1,-1
1215,01703.jpeg,-1,-1
1216,01704.jpeg,-1,-1
1217,01705.jpeg,-1,-1
1218,01708.jpeg,-1,-1
1219,01709.jpeg,-1,-1
1220,01710.jpeg,-1,-1
1221,01711.jpeg,-1,-1
1222,01712.jpeg,-1,-1
1223,01713.jpeg,-1,-1
1224,01714.jpeg,-1,-1
1225,01715.jpeg,-1,-1
1226,01716.jpeg,-1,-1
1227,01717.jpeg,-1,-1
1228,01718.jpeg,-1,-1
1229,01719.jpeg,-1,-1
1230,01720.jpeg,-1,-1
1231,01721.jpeg,-1,-1
1232,01722.jpeg,-1,-1
1233,01723.jpeg,-1,-1
1234,01724.jpeg,-1,-1
1235,01725.jpeg,-1,-1
1236,01726.jpeg,-1,-1
1237,01727.jpeg,-1,-1
1238,01728.jpeg,-1,-1
1239,01729.jpeg,-1,-1
1240,01730.jpeg,-1,-1
1241,01731.jpeg,-1,-1
1242,01732.jpeg,-1,-1
1243,01733.jpeg,-1,-1
1244,01734.jpeg,-1,-1
1245,01735.jpeg,-1,-1
1246,01736.jpeg,-1,-1
1247,01737.jpeg,-1,-1
1248,01738.jpeg,-1,-1
1249,01739.jpeg,-1,-1
1250,01740.jpeg,-1,-1
1251,01741.jpeg,-1,-1
1252,01742.jpeg,-1,-1
1253,01743.jpeg,-1,-1
1254,01753.jpeg,-1,-1
1255,01754.jpeg,-1,-1
1256,01755.jpeg,-1,-1
1257,01756.jpeg,-1,-1
1258,01757.jpeg,-1,-1
1259,01758.jpeg,-1,-1
1260,01759.jpeg,-1,-1
1261,01760.jpeg,-1,-1
1262,01761.jpeg,-1,-1
1263,01762.jpeg,-1,-1
1264,01763.jpeg,-1,-1
1265,01764.jpeg,-1,-1
1266,01765.jpeg,-1,-1
1267,01766.jpeg,-1,-1
1268,01767.jpeg,-1,-1
1269,01768.jpeg,-1,-1
1270,01769.jpeg,-1,-1
1271,01770.jpeg,-1,-1
1272,01771.jpeg,-1,-1
1273,01772.jpeg,-1,-1
1274,01773.jpeg,-1,-1
1275,01774.jpeg,-1,-1
1276,01775.jpeg,-1,-1
1277,01776.jpeg,-1,-1
1278,01777.jpeg,-1,-1
1279,01778.jpeg,-1,-1
1280,01787.jpeg,-1,-1
1281,01797.jpeg,-1,-1
1282,01807.jpeg,-1,-1
1283,01808.jpeg,-1,-1
1284,01809.jpeg,-1,-1
1285,01810.jpeg,-1,-1
1286,01811.jpeg,-1,-1
1287,01812.jpeg,-1,-1
1288,01813.jpeg,-1,-1
1289,01814.jpeg,-1,-1
1290,01815.jpeg,-1,-1
1291,01816.jpeg,-1,-1
1292,01817.jpeg,-1,-1
1293,01818.jpeg,-1,-1
1294,01819.jpeg,-1,-1
1295,01820.jpeg,-1,-1
1296,01821.jpeg,-1,-1
1297,01822.jpeg,-1,-1
1298,01823.jpeg,-1,-1
1299,01824.jpeg,-1,-1
1300,01825.jpeg,-1,-1
1301,01826.jpeg,-1,-1
1302,01827.jpeg,-1,-1
1303,01828.jpeg,-1,-1
1304,01829.jpeg,-1,-1
1305,01830.jpeg,-1,-1
1306,01831.jpeg,-1,-1
1307,01832.jpeg,-1,-1
1308,01833.jpeg,-1,-1
1309,01834.jpeg,-1,-1
1310,01835.jpeg,-1,-1
1311,01836.jpeg,-1,-1
1312,01837.jpeg,-1,-1
1313,01838.jpeg,-1,-1
1314,01847.jpeg,-1,-1
1315,01859.jpeg,-1,-1
1316,01861.jpeg,-1,-1
1317,01862.jpeg,-1,-1
1318,01864.jpeg,-1,-1
1319,01865.jpeg,-1,-1
1320,01866.jpeg,-1,-1
1321,01868.jpeg,-1,-1
1322,01869.jpeg,-1,-1
1323,01870.jpeg,-1,-1
1324,01871.jpeg,-1,-1
1325,01872.jpeg,-1,-1
1326,01873.jpeg,-1,-1
1327,01884.jpeg,-1,-1
1328,01886.jpeg,-1,-1
1329,01887.jpeg,-1,-1
1330,01888.jpeg,-1,-1
1331,01889.jpeg,-1,-1
1332,01890.jpeg,-1,-1
1333,01891.jpeg,-1,-1
1334,01892.jpeg,-1,-1
1335,01893.jpeg,-1,-1
1336,01894.jpeg,-1,-1
1337,01895.jpeg,-1,-1
1338,01898.jpeg,-1,-1
1339,01899.jpeg,-1,-1
1340,01900.jpeg,-1,-1
1341,01901.jpeg,-1,-1
1342,01902.jpeg,-1,-1
1343,01903.jpeg,-1,-1
1344,01904.jpeg,-1,-1
1345,01906.jpeg,-1,-1
1346,01907.jpeg,-1,-1
1347,01910.jpeg,-1,-1
1348,01911.jpeg,-1,-1
1349,01912.jpeg,-1,-1
1350,01913.jpeg,-1,-1
1351,01914.jpeg,-1,-1
1352,01915.jpeg,-1,-1
1353,01916.jpeg,-1,-1
1354,01917.jpeg,-1,-1
1355,01918.jpeg,-1,-1
1356,01919.jpeg,-1,-1
1357,01920.jpeg,-1,-1
1358,01921.jpeg,-1,-1
1359,01922.jpeg,-1,-1
1360,01923.jpeg,-1,-1
1361,01925.jpeg,-1,-1
1362,01926.jpeg,-1,-1
1363,01927.jpeg,-1,-1
1364,01928.jpeg,-1,-1
1365,01930.jpeg,-1,-1
1366,01931.jpeg,-1,-1
1367,01932.jpeg,-1,-1
1368,01933.jpeg,-1,-1
1369,01934.jpeg,-1,-1
1370,01935.jpeg,-1,-1
1371,01937.jpeg,-1,-1
1372,01938.jpeg,-1,-1
1373,01940.jpeg,-1,-1
1374,01941.jpeg,-1,-1
1375,01942.jpeg,-1,-1
1376,01943.jpeg,-1,-1
1377,01944.jpeg,-1,-1
1378,01945.jpeg,-1,-1
1379,01946.jpeg,-1,-1
1380,01947.jpeg,-1,-1
1381,01948.jpeg,-1,-1
1382,01949.jpeg,-1,-1
1383,01950.jpeg,-1,-1
1384,01951.jpeg,-1,-1
1385,01952.jpeg,-1,-1
1386,01953.jpeg,-1,-1
1387,01954.jpeg,-1,-1
1388,01955.jpeg,-1,-1
1389,01956.jpeg,-1,-1
1390,01957.jpeg,-1,-1
1391,01960.jpeg,-1,-1
1392,01961.jpeg,-1,-1
1393,01962.jpeg,-1,-1
1394,01963.jpeg,-1,-1
1395,01964.jpeg,-1,-1
1396,01965.jpeg,-1,-1
1397,01966.jpeg,-1,-1
1398,01968.jpeg,-1,-1
1399,01969.jpeg,-1,-1
1400,01970.jpeg,-1,-1
1401,01971.jpeg,-1,-1
1402,01972.jpeg,-1,-1
1403,01973.jpeg,-1,-1
1404,01974.jpeg,-1,-1
1405,01975.jpeg,-1,-1
1406,01976.jpeg,-1,-1
1407,01977.jpeg,-1,-1
1408,01978.jpeg,-1,-1
1409,01979.jpeg,-1,-1
1410,01981.jpeg,-1,-1
1411,01982.jpeg,-1,-1
1412,01983.jpeg,-1,-1
1413,01984.jpeg,-1,-1
1414,01985.jpeg,-1,-1
1415,01986.jpeg,-1,-1
1416,01987.jpeg,-1,-1
1417,01989.jpeg,-1,-1
1418,01990.jpeg,-1,-1
1419,01991.jpeg,-1,-1
1420,01993.jpeg,-1,-1
1421,01994.jpeg,-1,-1
1422,01995.jpeg,-1,-1
1423,01996.jpeg,-1,-1
1424,01997.jpeg,-1,-1
1425,02000.jpeg,-1,-1
1426,02001.jpeg,-1,-1
1427,02002.jpeg,-1,-1
1428,02003.jpeg,-1,-1
1429,02004.jpeg,-1,-1
1430,02005.jpeg,-1,-1
1431,02006.jpeg,-1,-1
1432,02007.jpeg,-1,-1
1433,02008.jpeg,-1,-1
1434,02009.jpeg,-1,-1
1435,02010.jpeg,-1,-1
1436,02011.jpeg,-1,-1
1437,02012.jpeg,-1,-1
1438,02014.jpeg,-1,-1
1439,02015.jpeg,-1,-1
1440,02016.jpeg,-1,-1
1441,02017.jpeg,-1,-1
1442,02018.jpeg,-1,-1
1443,02019.jpeg,-1,-1
1444,02020.jpeg,-1,-1
1445,02021.jpeg,-1,-1
1446,02022.jpeg,-1,-1
1447,02023.jpeg,-1,-1
1448,02024.jpeg,-1,-1
1449,02025.jpeg,-1,-1
1450,02026.jpeg,-1,-1
1451,02027.jpeg,-1,-1
1452,02031.jpeg,-1,-1
1453,02032.jpeg,-1,-1
1454,02033.jpeg,-1,-1
1455,02034.jpeg,-1,-1
1456,02035.jpeg,-1,-1
1457,02036.jpeg,-1,-1
1458,02037.jpeg,-1,-1
1459,02038.jpeg,-1,-1
1460,02039.jpeg,-1,-1
1461,02041.jpeg,-1,-1
1462,02042.jpeg,-1,-1
1463,02043.jpeg,-1,-1
1464,02044.jpeg,-1,-1
1465,02045.jpeg,-1,-1
1466,02046.jpeg,-1,-1
1467,02047.jpeg,-1,-1
1468,02048.jpeg,-1,-1
1469,02049.jpeg,-1,-1
1470,02050.jpeg,-1,-1
1471,02051.jpeg,-1,-1
1472,02052.jpeg,-1,-1
1473,02053.jpeg,-1,-1
1474,02054.jpeg,-1,-1
1475,02055.jpeg,-1,-1
1476,02056.jpeg,-1,-1
1477,02057.jpeg,-1,-1
1478,02058.jpeg,-1,-1
1479,02059.jpeg,-1,-1
1480,02063.jpeg,-1,-1
1481,02064.jpeg,-1,-1
1482,02066.jpeg,-1,-1
1483,02067.jpeg,-1,-1
1484,02068.jpeg,-1,-1
1485,02069.jpeg,-1,-1
1486,02070.jpeg,-1,-1
1487,02071.jpeg,-1,-1
1488,02072.jpeg,-1,-1
1489,02073.jpeg,-1,-1
1490,02074.jpeg,-1,-1
1491,02075.jpeg,-1,-1
1492,02077.jpeg,-1,-1
1493,02078.jpeg,-1,-1
1494,02079.jpeg,-1,-1
1495,02080.jpeg,-1,-1
1496,02081.jpeg,-1,-1
1497,02082.jpeg,-1,-1
1498,02083.jpeg,-1,-1
1499,02085.jpeg,-1,-1
1500,02086.jpeg,-1,-1
1501,02089.jpeg,-1,-1
1502,02094.jpeg,-1,-1
1503,02095.jpeg,-1,-1
1504,02096.jpeg,-1,-1
1505,02097.jpeg,-1,-1
1506,02098.jpeg,-1,-1
1507,02099.jpeg,-1,-1
1508,02100.jpeg,-1,-1
1509,02101.jpeg,-1,-1
1510,02102.jpeg,-1,-1
1511,02103.jpeg,-1,-1
1512,02104.jpeg,-1,-1
1513,02106.jpeg,-1,-1
1514,02107.jpeg,-1,-1
1515,02108.jpeg,-1,-1
1516,02110.jpeg,-1,-1
1517,02111.jpeg,-1,-1
1518,02112.jpeg,-1,-1
1519,02113.jpeg,-1,-1
1520,02114.jpeg,-1,-1
1521,02115.jpeg,-1,-1
1522,02117.jpeg,-1,-1
1523,02118.jpeg,-1,-1
1524,02119.jpeg,-1,-1
1525,02121.jpeg,-1,-1
1526,02122.jpeg,-1,-1
1527,02123.jpeg,-1,-1
1528,02124.jpeg,-1,-1
1529,02125.jpeg,-1,-1
1530,02127.jpeg,-1,-1
1531,02128.jpeg,-1,-1
1532,02129.jpeg,-1,-1
1533,02130.jpeg,-1,-1
1534,02132.jpeg,-1,-1
1535,02133.jpeg,-1,-1
1536,02134.jpeg,-1,-1
1537,02135.jpeg,-1,-1
1538,02136.jpeg,-1,-1
1539,02137.jpeg,-1,-1
1540,02138.jpeg,-1,-1
1541,02139.jpeg,-1,-1
1542,02140.jpeg,-1,-1
1543,02141.jpeg,-1,-1
1544,02142.jpeg,-1,-1
1545,02143.jpeg,-1,-1
1546,02144.jpeg,-1,-1
1547,02145.jpeg,-1,-1
1548,02146.jpeg,-1,-1
1549,02147.jpeg,-1,-1
1550,02148.jpeg,-1,-1
1551,02149.jpeg,-1,-1
1552,02150.jpeg,-1,-1
1553,02151.jpeg,-1,-1
1554,02152.jpeg,-1,-1
1555,02153.jpeg,-1,-1
1556,02156.jpeg,-1,-1
1557,02157.jpeg,-1,-1
1558,02158.jpeg,-1,-1
1559,02159.jpeg,-1,-1
1560,02160.jpeg,-1,-1
1561,02161.jpeg,-1,-1
1562,02162.jpeg,-1,-1
1563,02163.jpeg,-1,-1
1564,02164.jpeg,-1,-1
1565,02165.jpeg,-1,-1
1566,02166.jpeg,-1,-1
1567,02167.jpeg,-1,-1
1568,02168.jpeg,-1,-1
1569,02169.jpeg,-1,-1
1570,02170.jpeg,-1,-1
1571,02171.jpeg,-1,-1
1572,02175.jpeg,-1,-1
1573,02176.jpeg,-1,-1
1574,02177.jpeg,-1,-1
1575,02178.jpeg,-1,-1
1576,02179.jpeg,-1,-1
1577,02180.jpeg,-1,-1
1578,02181.jpeg,-1,-1
1579,02183.jpeg,-1,-1
1580,02184.jpeg,-1,-1
1581,02185.jpeg,-1,-1
1582,02186.jpeg,-1,-1
1583,02187.jpeg,-1,-1
1584,02188.jpeg,-1,-1
1585,02189.jpeg,-1,-1
1586,02190.jpeg,-1,-1
1587,02191.jpeg,-1,-1
1588,02192.jpeg,-1,-1
1589,02193.jpeg,-1,-1
1590,02194.jpeg,-1,-1
1591,02195.jpeg,-1,-1
1592,02196.jpeg,-1,-1
1593,02197.jpeg,-1,-1
1594,02198.jpeg,-1,-1
1595,02199.jpeg,-1,-1
1596,02201.jpeg,-1,-1
1597,02202.jpeg,-1,-1
1598,02203.jpeg,-1,-1
1599,02204.jpeg,-1,-1
1600,02205.jpeg,-1,-1
1601,02206.jpeg,-1,-1
1602,02207.jpeg,-1,-1
1603,02208.jpeg,-1,-1
1604,02209.jpeg,-1,-1
1605,02210.jpeg,-1,-1
1606,02211.jpeg,-1,-1
1607,02213.jpeg,-1,-1
1608,02214.jpeg,-1,-1
1609,02215.jpeg,-1,-1
1610,02217.jpeg,-1,-1
1611,02218.jpeg,-1,-1
1612,02219.jpeg,-1,-1
1613,02220.jpeg,-1,-1
1614,02221.jpeg,-1,-1
1615,02222.jpeg,-1,-1
1616,02223.jpeg,-1,-1
1617,02224.jpeg,-1,-1
1618,02225.jpeg,-1,-1
1619,02226.jpeg,-1,-1
1620,02227.jpeg,-1,-1
1621,02228.jpeg,-1,-1
1622,02229.jpeg,-1,-1
1623,02230.jpeg,-1,-1
1624,02231.jpeg,-1,-1
1625,02232.jpeg,-1,-1
1626,02233.jpeg,-1,-1
1627,02234.jpeg,-1,-1
1628,02235.jpeg,-1,-1
1629,02237.jpeg,-1,-1
1630,02249.jpeg,-1,-1
1631,02269.jpeg,-1,-1
1632,02282.jpeg,-1,-1
1633,02283.jpeg,-1,-1
1634,02285.jpeg,-1,-1
1635,02290.jpeg,-1,-1
1636,02291.jpeg,-1,-1
1637,02292.jpeg,-1,-1
1638,02293.jpeg,-1,-1
1639,02294.jpeg,-1,-1
1640,02295.jpeg,-1,-1
1641,02296.jpeg,-1,-1
1642,02297.jpeg,-1,-1
1643,02299.jpeg,-1,-1
1644,02301.jpeg,-1,-1
1645,02302.jpeg,-1,-1
1646,02303.jpeg,-1,-1
1647,02304.jpeg,-1,-1
1648,02305.jpeg,-1,-1
1649,02306.jpeg,-1,-1
1650,02307.jpeg,-1,-1
1651,02308.jpeg,-1,-1
1652,02309.jpeg,-1,-1
1653,02310.jpeg,-1,-1
1654,02311.jpeg,-1,-1
1655,02312.jpeg,-1,-1
1656,02313.jpeg,-1,-1
1657,02314.jpeg,-1,-1
1658,02315.jpeg,-1,-1
1659,02316.jpeg,-1,-1
1660,02317.jpeg,-1,-1
1661,02318.jpeg,-1,-1
1662,02319.jpeg,-1,-1
1663,02320.jpeg,-1,-1
1664,02321.jpeg,-1,-1
1665,02322.jpeg,-1,-1
1666,02323.jpeg,-1,-1
1667,02324.jpeg,-1,-1
1668,02325.jpeg,-1,-1
1669,02326.jpeg,-1,-1
1670,02327.jpeg,-1,-1
1671,02328.jpeg,-1,-1
1672,02329.jpeg,-1,-1
1673,02330.jpeg,-1,-1
1674,02331.jpeg,-1,-1
1675,02332.jpeg,-1,-1
1676,02333.jpeg,-1,-1
1677,02334.jpeg,-1,-1
1678,02335.jpeg,-1,-1
1679,02336.jpeg,-1,-1
1680,02337.jpeg,-1,-1
1681,02338.jpeg,-1,-1
1682,02339.jpeg,-1,-1
1683,02340.jpeg,-1,-1
1684,02342.jpeg,-1,-1
1685,02343.jpeg,-1,-1
1686,02344.jpeg,-1,-1
1687,02345.jpeg,-1,-1
1688,02346.jpeg,-1,-1
1689,02347.jpeg,-1,-1
1690,02358.jpeg,-1,-1
1691,02368.jpeg,-1,-1
1692,02369.jpeg,-1,-1
1693,02371.jpeg,-1,-1
1694,02372.jpeg,-1,-1
1695,02373.jpeg,-1,-1
1696,02374.jpeg,-1,-1
1697,02375.jpeg,-1,-1
1698,02376.jpeg,-1,-1
1699,02378.jpeg,-1,-1
1700,02382.jpeg,-1,-1
1701,02387.jpeg,-1,-1
1702,02389.jpeg,-1,-1
1703,02390.jpeg,-1,-1
1704,02391.jpeg,-1,-1
1705,02392.jpeg,-1,-1
1706,02393.jpeg,-1,-1
1707,02394.jpeg,-1,-1
1708,02395.jpeg,-1,-1
1709,02396.jpeg,-1,-1
1710,02397.jpeg,-1,-1
1711,02398.jpeg,-1,-1
1712,02399.jpeg,-1,-1
1713,02400.jpeg,-1,-1
1714,02404.jpeg,-1,-1
1715,02405.jpeg,-1,-1
1716,02406.jpeg,-1,-1
1717,02407.jpeg,-1,-1
1718,02408.jpeg,-1,-1
1719,02420.jpeg,-1,-1
1720,02421.jpeg,-1,-1
1721,02427.jpeg,-1,-1
1722,02428.jpeg,-1,-1
1723,02429.jpeg,-1,-1
1724,02431.jpeg,-1,-1
1725,02433.jpeg,-1,-1
1726,02434.jpeg,-1,-1
1727,02435.jpeg,-1,-1
1728,02436.jpeg,-1,-1
1729,02437.jpeg,-1,-1
1730,02438.jpeg,-1,-1
1731,02439.jpeg,-1,-1
1732,02440.jpeg,-1,-1
1733,02441.jpeg,-1,-1
1734,02442.jpeg,-1,-1
1735,02443.jpeg,-1,-1
1736,02444.jpeg,-1,-1
1737,02445.jpeg,-1,-1
1738,02446.jpeg,-1,-1
1739,02447.jpeg,-1,-1
1740,02448.jpeg,-1,-1
1741,02449.jpeg,-1,-1
1742,02450.jpeg,-1,-1
1743,02451.jpeg,-1,-1
1744,02452.jpeg,-1,-1
1745,02453.jpeg,-1,-1
1746,02454.jpeg,-1,-1
1747,02455.jpeg,-1,-1
1748,02456.jpeg,-1,-1
1749,02459.jpeg,-1,-1
1750,02460.jpeg,-1,-1
1751,02461.jpeg,-1,-1
1752,02463.jpeg,-1,-1
1753,02464.jpeg,-1,-1
1754,02465.jpeg,-1,-1
1755,02466.jpeg,-1,-1
1756,02467.jpeg,-1,-1
1757,02468.jpeg,-1,-1
1758,02469.jpeg,-1,-1
1759,02470.jpeg,-1,-1
1760,02471.jpeg,-1,-1
1761,02472.jpeg,-1,-1
1762,02473.jpeg,-1,-1
1763,02474.jpeg,-1,-1
1764,02475.jpeg,-1,-1
1765,02476.jpeg,-1,-1
1766,02477.jpeg,-1,-1
1767,02480.jpeg,-1,-1
1768,02481.jpeg,-1,-1
1769,02482.jpeg,-1,-1
1770,02483.jpeg,-1,-1
1771,02484.jpeg,-1,-1
1772,02485.jpeg,-1,-1
1773,02486.jpeg,-1,-1
1774,02487.jpeg,-1,-1
1775,02488.jpeg,-1,-1
1776,02489.jpeg,-1,-1
1777,02490.jpeg,-1,-1
1778,02491.jpeg,-1,-1
1779,02492.jpeg,-1,-1
1780,02493.jpeg,-1,-1
1781,02494.jpeg,-1,-1
1782,02495.jpeg,-1,-1
1783,02496.jpeg,-1,-1
1784,02497.jpeg,-1,-1
1785,02498.jpeg,-1,-1
1786,02499.jpeg,-1,-1
1787,02500.jpeg,-1,-1
1788,02503.jpeg,-1,-1
1789,02504.jpeg,-1,-1
1790,02505.jpeg,-1,-1
1791,02506.jpeg,-1,-1
1792,02507.jpeg,-1,-1
1793,02508.jpeg,-1,-1
1794,02509.jpeg,-1,-1
1795,02510.jpeg,-1,-1
1796,02511.jpeg,-1,-1
1797,02512.jpeg,-1,-1
1798,02513.jpeg,-1,-1
1799,02514.jpeg,-1,-1
1800,02515.jpeg,-1,-1
1801,02516.jpeg,-1,-1
1802,02517.jpeg,-1,-1
1803,02518.jpeg,-1,-1
1804,02519.jpeg,-1,-1
1805,02520.jpeg,-1,-1
1806,02522.jpeg,-1,-1
1807,02523.jpeg,-1,-1
1808,02524.jpeg,-1,-1
1809,02525.jpeg,-1,-1
1810,02526.jpeg,-1,-1
1811,02527.jpeg,-1,-1
1812,02528.jpeg,-1,-1
1813,02529.jpeg,-1,-1
1814,02531.jpeg,-1,-1
1815,02532.jpeg,-1,-1
1816,02533.jpeg,-1,-1
1817,02534.jpeg,-1,-1
1818,02535.jpeg,-1,-1
1819,02536.jpeg,-1,-1
1820,02537.jpeg,-1,-1
1821,02538.jpeg,-1,-1
1822,02539.jpeg,-1,-1
1823,02540.jpeg,-1,-1
1824,02543.jpeg,-1,-1
1825,02544.jpeg,-1,-1
1826,02545.jpeg,-1,-1
1827,02546.jpeg,-1,-1
1828,02547.jpeg,-1,-1
1829,02548.jpeg,-1,-1
1830,02549.jpeg,-1,-1
1831,02550.jpeg,-1,-1
1832,02551.jpeg,-1,-1
1833,02552.jpeg,-1,-1
1834,02553.jpeg,-1,-1
1835,02554.jpeg,-1,-1
1836,02555.jpeg,-1,-1
1837,02556.jpeg,-1,-1
1838,02557.jpeg,-1,-1
1839,02559.jpeg,-1,-1
1840,02560.jpeg,-1,-1
1841,02561.jpeg,-1,-1
1842,02562.jpeg,-1,-1
1843,02563.jpeg,-1,-1
1844,02564.jpeg,-1,-1
1845,02565.jpeg,-1,-1
1846,02566.jpeg,-1,-1
1847,02567.jpeg,-1,-1
1848,02568.jpeg,-1,-1
1849,02569.jpeg,-1,-1
1850,02570.jpeg,-1,-1
1851,02571.jpeg,-1,-1
1852,02572.jpeg,-1,-1
1853,02573.jpeg,-1,-1
1854,02574.jpeg,-1,-1
1855,02575.jpeg,-1,-1
1856,02576.jpeg,-1,-1
1857,02577.jpeg,-1,-1
1858,02578.jpeg,-1,-1
1859,02579.jpeg,-1,-1
1860,02580.jpeg,-1,-1
1861,02581.jpeg,-1,-1
1862,02582.jpeg,-1,-1
1863,02583.jpeg,-1,-1
1864,02584.jpeg,-1,-1
1865,02587.jpeg,-1,-1
1866,02588.jpeg,-1,-1
1867,02589.jpeg,-1,-1
1868,02590.jpeg,-1,-1
1869,02591.jpeg,-1,-1
1870,02592.jpeg,-1,-1
1871,02593.jpeg,-1,-1
1872,02594.jpeg,-1,-1
1873,02595.jpeg,-1,-1
1874,02597.jpeg,-1,-1
1875,02599.jpeg,-1,-1
1876,02600.jpeg,-1,-1
1877,02601.jpeg,-1,-1
1878,02602.jpeg,-1,-1
1879,02603.jpeg,-1,-1
1880,02604.jpeg,-1,-1
1881,02605.jpeg,-1,-1
1882,02606.jpeg,-1,-1
1883,02607.jpeg,-1,-1
1884,02608.jpeg,-1,-1
1885,02609.jpeg,-1,-1
1886,02610.jpeg,-1,-1
1887,02611.jpeg,-1,-1
1888,02612.jpeg,-1,-1
1889,02652.jpeg,-1,-1
1890,02656.jpeg,-1,-1
1891,02724.jpeg,-1,-1
1892,02743.jpeg,-1,-1
1893,02744.jpeg,-1,-1
1894,02745.jpeg,-1,-1
1895,02747.jpeg,-1,-1
1896,02748.jpeg,-1,-1
1897,02749.jpeg,-1,-1
1898,02750.jpeg,-1,-1
1899,02751.jpeg,-1,-1
1900,02752.jpeg,-1,-1
1901,02763.jpeg,-1,-1
1902,02829.jpeg,-1,-1
1903,02873.jpeg,-1,-1
1904,02909.jpeg,-1,-1
1905,03128.jpeg,-1,-1
1906,03178.jpeg,-1,-1
1907,03189.jpeg,-1,-1
1908,03285.jpeg,-1,-1
1909,03322.jpeg,-1,-1
1910,03355.jpeg,-1,-1
1911,03361.jpeg,-1,-1
1912,03424.jpeg,-1,-1
1913,03595.jpeg,-1,-1
1914,03716.jpeg,-1,-1
1915,03718.jpeg,-1,-1
1916,03723.jpeg,-1,-1
1917,03727.jpeg,-1,-1
1918,03745.jpeg,-1,-1
1919,03750.jpeg,-1,-1
1920,03756.jpeg,-1,-1
1921,03764.jpeg,-1,-1
1922,03776.jpeg,-1,-1
1923,03779.jpeg,-1,-1
1924,03792.jpeg,-1,-1
1925,03794.jpeg,-1,-1
1926,03812.jpeg,-1,-1
1927,03821.jpeg,-1,-1
1928,03830.jpeg,-1,-1
1929,03836.jpeg,-1,-1
1930,03849.jpeg,-1,-1
1931,03863.jpeg,-1,-1
1932,03869.jpeg,-1,-1
1933,03873.jpeg,-1,-1
1934,03890.jpeg,-1,-1
1935,03949.jpeg,-1,-1
1936,03995.jpeg,-1,-1
1937,04121.jpeg,-1,-1
1938,04132.jpeg,-1,-1
1939,04157.jpeg,-1,-1
1940,04180.jpeg,-1,-1
1941,04228.jpeg,-1,-1
1942,04239.jpeg,-1,-1
1943,04245.jpeg,-1,-1
1944,04264.jpeg,-1,-1
1945,04305.jpeg,-1,-1
1946,04366.jpeg,-1,-1
1947,04416.jpeg,-1,-1
1948,04448.jpeg,-1,-1
1949,04507.jpeg,-1,-1
1950,04518.jpeg,-1,-1
1951,04525.jpeg,-1,-1
1952,04563.jpeg,-1,-1
1953,04597.jpeg,-1,-1
1954,04599.jpeg,-1,-1
1955,04627.jpeg,-1,-1
1956,04645.jpeg,-1,-1
1957,04658.jpeg,-1,-1
1958,04718.jpeg,-1,-1
1959,04738.jpeg,-1,-1
1960,04741.jpeg,-1,-1
1961,04750.jpeg,-1,-1
1962,04758.jpeg,-1,-1
1963,04772.jpeg,-1,-1
1964,04790.jpeg,-1,-1
1965,04825.jpeg,-1,-1
1966,04840.jpeg,-1,-1
1967,04843.jpeg,-1,-1
1968,04856.jpeg,-1,-1
1969,04877.jpeg,-1,-1
1970,04884.jpeg,-1,-1
1971,04979.jpeg,-1,-1
1972,05002.jpeg,-1,-1
1973,05007.jpeg,-1,-1
1974,05065.jpeg,-1,-1
1975,05090.jpeg,-1,-1
1976,05106.jpeg,-1,-1
1977,05123.jpeg,-1,-1
1978,05132.jpeg,-1,-1
1979,05148.jpeg,-1,-1
1980,05162.jpeg,-1,-1
1981,05164.jpeg,-1,-1
1982,05166.jpeg,-1,-1
1983,05191.jpeg,-1,-1
1984,05192.jpeg,-1,-1
1985,05226.jpeg,-1,-1
1986,05239.jpeg,-1,-1
1987,05251.jpeg,-1,-1
1988,05266.jpeg,-1,-1
1989,05293.jpeg,-1,-1
1990,05299.jpeg,-1,-1
1991,05300.jpeg,-1,-1
1992,05415.jpeg,-1,-1
1993,05417.jpeg,-1,-1
1994,05430.jpeg,-1,-1
1995,05466.jpeg,-1,-1
1996,05470.jpeg,-1,-1
1997,05471.jpeg,-1,-1
1998,05474.jpeg,-1,-1
1999,05496.jpeg,-1,-1
2000,05502.jpeg,-1,-1
2001,05520.jpeg,-1,-1
2002,05523.jpeg,-1,-1
2003,05553.jpeg,-1,-1
2004,05564.jpeg,-1,-1
2005,05577.jpeg,-1,-1
2006,05578.jpeg,-1,-1
2007,05592.jpeg,-1,-1
2008,05596.jpeg,-1,-1
2009,05618.jpeg,-1,-1
2010,05624.jpeg,-1,-1
2011,05636.jpeg,-1,-1
2012,05661.jpeg,-1,-1
2013,05675.jpeg,-1,-1
2014,05721.jpeg,-1,-1
2015,05728.jpeg,-1,-1
2016,05796.jpeg,-1,-1
2017,05802.jpeg,-1,-1
2018,05809.jpeg,-1,-1
2019,05830.jpeg,-1,-1
2020,05837.jpeg,-1,-1
2021,05844.jpeg,-1,-1
2022,05856.jpeg,-1,-1
2023,05862.jpeg,-1,-1
2024,05880.jpeg,-1,-1
2025,05915.jpeg,-1,-1
2026,05925.jpeg,-1,-1
2027,05976.jpeg,-1,-1
2028,05980.jpeg,-1,-1
2029,05982.jpeg,-1,-1
2030,06018.jpeg,-1,-1
2031,06043.jpeg,-1,-1
2032,06097.jpeg,-1,-1
2033,06136.jpeg,-1,-1
2034,06174.jpeg,-1,-1
2035,06181.jpeg,-1,-1
2036,06183.jpeg,-1,-1
2037,06211.jpeg,-1,-1
2038,06233.jpeg,-1,-1
2039,06246.jpeg,-1,-1
2040,06249.jpeg,-1,-1
2041,06323.jpeg,-1,-1
2042,06352.jpeg,-1,-1
2043,06385.jpeg,-1,-1
2044,06387.jpeg,-1,-1
2045,06436.jpeg,-1,-1
2046,06456.jpeg,-1,-1
2047,06481.jpeg,-1,-1
2048,06485.jpeg,-1,-1
2049,06509.jpeg,-1,-1
2050,06520.jpeg,-1,-1
2051,06565.jpeg,-1,-1
2052,06584.jpeg,-1,-1
2053,06655.jpeg,-1,-1
2054,06658.jpeg,-1,-1
2055,06659.jpeg,-1,-1
2056,06710.jpeg,-1,-1
2057,06736.jpeg,-1,-1
2058,06739.jpeg,-1,-1
2059,06741.jpeg,-1,-1
2060,06774.jpeg,-1,-1
2061,06777.jpeg,-1,-1
2062,06831.jpeg,-1,-1
2063,06837.jpeg,-1,-1
2064,06897.jpeg,-1,-1
2065,06916.jpeg,-1,-1
2066,06927.jpeg,-1,-1
2067,06929.jpeg,-1,-1
2068,06960.jpeg,-1,-1
2069,06962.jpeg,-1,-1
2070,07055.jpeg,-1,-1
2071,07074.jpeg,-1,-1
2072,07084.jpeg,-1,-1
2073,07142.jpeg,-1,-1
2074,07215.jpeg,-1,-1
2075,07217.jpeg,-1,-1
2076,07223.jpeg,-1,-1
2077,07226.jpeg,-1,-1
2078,07244.jpeg,-1,-1
2079,07268.jpeg,-1,-1
2080,07381.jpeg,-1,-1
2081,07398.jpeg,-1,-1
2082,07406.jpeg,-1,-1
2083,07422.jpeg,-1,-1
2084,07428.jpeg,-1,-1
2085,07434.jpeg,-1,-1
2086,07474.jpeg,-1,-1
2087,07477.jpeg,-1,-1
2088,07539.jpeg,-1,-1
2089,07574.jpeg,-1,-1
2090,07594.jpeg,-1,-1
2091,07609.jpeg,-1,-1
2092,07636.jpeg,-1,-1
2093,07711.jpeg,-1,-1
2094,07828.jpeg,-1,-1
2095,07891.jpeg,-1,-1
2096,07915.jpeg,-1,-1
2097,07929.jpeg,-1,-1
2098,07953.jpeg,-1,-1
2099,08063.jpeg,-1,-1
2100,08084.jpeg,-1,-1
2101,08094.jpeg,-1,-1
2102,08116.jpeg,-1,-1
2103,08804.jpeg,-1,-1
2104,08808.jpeg,-1,-1
2105,08812.jpeg,-1,-1
2106,08820.jpeg,-1,-1
2107,08821.jpeg,-1,-1
2108,08830.jpeg,-1,-1
2109,08838.jpeg,-1,-1
2110,08839.jpeg,-1,-1
2111,08843.jpeg,-1,-1
2112,08852.jpeg,-1,-1
2113,08857.jpeg,-1,-1
2114,08858.jpeg,-1,-1
2115,08861.jpeg,-1,-1
2116,08868.jpeg,-1,-1
2117,08869.jpeg,-1,-1
2118,08914.jpeg,-1,-1
2119,08920.jpeg,-1,-1
2120,08933.jpeg,-1,-1
2121,08936.jpeg,-1,-1
2122,08952.jpeg,-1,-1
2123,08958.jpeg,-1,-1
2124,09007.jpeg,-1,-1
2125,09008.jpeg,-1,-1
2126,09010.jpeg,-1,-1
2127,09050.jpeg,-1,-1
2128,09060.jpeg,-1,-1
2129,09174.jpeg,-1,-1
2130,09212.jpeg,-1,-1
2131,09239.jpeg,-1,-1
2132,09241.jpeg,-1,-1
2133,09245.jpeg,-1,-1
2134,09256.jpeg,-1,-1
2135,09316.jpeg,-1,-1
2136,09320.jpeg,-1,-1
2137,09328.jpeg,-1,-1
2138,09330.jpeg,-1,-1
2139,09402.jpeg,-1,-1
2140,09406.jpeg,-1,-1
2141,09441.jpeg,-1,-1
2142,09444.jpeg,-1,-1
2143,09445.jpeg,-1,-1
2144,09453.jpeg,-1,-1
2145,09456.jpeg,-1,-1
2146,09463.jpeg,-1,-1
2147,09491.jpeg,-1,-1
2148,09495.jpeg,-1,-1
2149,09499.jpeg,-1,-1
2150,09506.jpeg,-1,-1
2151,09510.jpeg,-1,-1
2152,09535.jpeg,-1,-1
2153,09537.jpeg,-1,-1
2154,09549.jpeg,-1,-1
2155,09559.jpeg,-1,-1
2156,09565.jpeg,-1,-1
2157,09573.jpeg,-1,-1
2158,09578.jpeg,-1,-1
2159,09585.jpeg,-1,-1
2160,09610.jpeg,-1,-1
2161,09621.jpeg,-1,-1
2162,09622.jpeg,-1,-1
2163,09625.jpeg,-1,-1
2164,09626.jpeg,-1,-1
2165,09644.jpeg,-1,-1
2166,09645.jpeg,-1,-1
2167,09649.jpeg,-1,-1
2168,09651.jpeg,-1,-1
2169,09652.jpeg,-1,-1
2170,09670.jpeg,-1,-1
2171,09681.jpeg,-1,-1
2172,09686.jpeg,-1,-1
2173,09691.jpeg,-1,-1
2174,09699.jpeg,-1,-1
2175,09700.jpeg,-1,-1
2176,09707.jpeg,-1,-1
2177,09711.jpeg,-1,-1
2178,09714.jpeg,-1,-1
2179,09715.jpeg,-1,-1
2180,09719.jpeg,-1,-1
2181,09730.jpeg,-1,-1
2182,09731.jpeg,-1,-1
2183,09742.jpeg,-1,-1
2184,09746.jpeg,-1,-1
2185,09750.jpeg,-1,-1
2186,09752.jpeg,-1,-1
2187,09759.jpeg,-1,-1
2188,09784.jpeg,-1,-1
2189,09788.jpeg,-1,-1
2190,09798.jpeg,-1,-1
2191,09804.jpeg,-1,-1
2192,09806.jpeg,-1,-1
2193,09808.jpeg,-1,-1
2194,09827.jpeg,-1,-1
2195,09840.jpeg,-1,-1
2196,09845.jpeg,-1,-1
2197,09855.jpeg,-1,-1
2198,09860.jpeg,-1,-1
2199,09863.jpeg,-1,-1
2200,09887.jpeg,-1,-1
2201,09890.jpeg,-1,-1
2202,09900.jpeg,-1,-1
2203,09903.jpeg,-1,-1
2204,09914.jpeg,-1,-1
2205,09930.jpeg,-1,-1
2206,09951.jpeg,-1,-1
2207,09958.jpeg,-1,-1
2208,09972.jpeg,-1,-1
2209,09975.jpeg,-1,-1
2210,09986.jpeg,-1,-1
2211,09991.jpeg,-1,-1
2212,10007.jpeg,-1,-1
2213,10026.jpeg,-1,-1
2214,10029.jpeg,-1,-1
2215,10033.jpeg,-1,-1
2216,10049.jpeg,-1,-1
2217,10051.jpeg,-1,-1
2218,10069.jpeg,-1,-1
2219,10083.jpeg,-1,-1
2220,10090.jpeg,-1,-1
2221,10126.jpeg,-1,-1
2222,10130.jpeg,-1,-1
2223,10143.jpeg,-1,-1
2224,10145.jpeg,-1,-1
2225,10156.jpeg,-1,-1
2226,10170.jpeg,-1,-1
2227,10196.jpeg,-1,-1
2228,10199.jpeg,-1,-1
2229,10216.jpeg,-1,-1
2230,10225.jpeg,-1,-1
2231,10258.jpeg,-1,-1
2232,10267.jpeg,-1,-1
2233,10290.jpeg,-1,-1
2234,10295.jpeg,-1,-1
2235,10324.jpeg,-1,-1
2236,10328.jpeg,-1,-1
2237,10337.jpeg,-1,-1
2238,10371.jpeg,-1,-1
2239,10372.jpeg,-1,-1
2240,10396.jpeg,-1,-1
2241,10404.jpeg,-1,-1
2242,10408.jpeg,-1,-1
2243,10415.jpeg,-1,-1
2244,10419.jpeg,-1,-1
2245,10425.jpeg,-1,-1
